Title_En,Title_Si,Artist_En,Artist_Si,Year,Lyricist_En,Lyricist_Si,Lyrics,Metaphor1,Meaning1,Source1,Target1,Metaphor2,Meaning2,Source2,Target2
adambarakari,ආඩම්බරකාරී,pradeep rangana,ප්‍රදීප් රංගන,2012,pradeep rangana,ප්‍රදීප් රංගන,"නෙතු ළඟ දඟ කරනා ආඩම්බරකාරී
ඉඟ සුඟ ගස්සන ආඩම්බරකම මට සීදේවි
කෙදිනක හෝ නුඹ මගේ ළඟ නවතීවී
සිත මගේ ඉල්ලාවි
මගේ සුදු ආඩම්බරකාරී

නිල්මිණි දෑසේ කුළුදුල් පෙම දැකලා
සිත රහසේ බැඳුනා
ඔය වත කමලේ සඳ සේ
රුව ආඩම්බර පානා ගතියට
ආල හැඟුම් මැවුනා

නෙතු ළඟ දඟ කරනා ආඩම්බරකාරී
ඉඟ සුඟ ගස්සන ආඩම්බරකම මට සීදේවි
කෙදිනක හෝ නුඹ මගේ ළඟ නවතීවී
සිත මගේ ඉල්ලාවි
මගේ සුදු ආඩම්බරකාරී

කාටත් නොකියන කවුරුත් නොදන්න
රහසක් මුමුණාවී උණුසුම ඉල්ලාවී
මගේ සයනේ සැතපෙවී
ආඩම්බර ගති නොතිබුණා වගේ
ආදරේ ඉල්ලාවී
නෙතු ළඟ දඟ කරනා ආඩම්බරකාරී

නෙතු ළඟ දඟ කරනා ආඩම්බරකාරී
ඉඟ සුඟ ගස්සන ආඩම්බරකම මට සීදේවි
කෙදිනක හෝ නුඹ මගේ ළඟ නවතීවී
සිත මගේ ඉල්ලාවි
මගේ සුදු ආඩම්බරකාරී",නිල්මිණි දෑසේ කුළුදුල් පෙම දැකලා,ඔබේ ලස්සන ඇස්වල පළමු බැල්මෙන්ම ආදරය මම දුටුවෙමි,නිල්මිණි දෑසේ,ඇස,,,,
sith aaranyaye,සිත් ආරන්‍යයේ,bachi susan,බාචි සුසාන්,2014,Bachi Susaan,බාචි සුසාන්,"දෝතින් දරා මල් පුජාසනයේ
දැහැමින් රැදෙන්නම් රූ ආලින්දයේ
පායා ඇවිදින් සිහින ඍතුවේ
මා හට ඉඩ දෙන්න සිත් ආරණ්‍යයේ

පායා ඇවිදින් සිහින මේ ඍතුවේ
මා හට ඉඩ දෙන්න ඔය ආරණ්‍යයේ
මට ඉඩ දෙන්න ඔය සිත් ආරණ්‍යයේ

නුඹ සොයනා හිරු එළිය අද මා සතුයි
මා සොයනා නෙතු දැහැල නුඹ රූ සතුයි
රොන් සොයනා බඹරෙකු නොව අද මට තනිකම උරුයි
පෙම් කරනා විට මහද සෙනෙහස ගොළුයි

පායා ඇවිදින් සිහින මේ ඍතුවේ
මා හට ඉඩ දෙන්න ඔය ආරණ්‍යයේ
මට ඉඩ දෙන්න ඔය සිත් ආරණ්‍යයේ","නුඹ සොයනා හිරු එළිය අද මා සතුයි
මා සොයනා නෙතු දැහැල නුඹ රූ සතුයි",අප දෙදෙනා හොද යුවලකි,හිරු එළිය,ආරක්ශාව/ ආලෝකය,,,,
as adaren purona,ඇස් ආදරෙන් පුරෝනා,kaveesha kaviraj,කවීශ කාවිරාජ්,2012,kushan manindra,කුෂාන් මනින්ද්‍ර,"ඇස් ආදරෙන් පුරෝනා
 හිත පාළුවෙන් ගලෝනා
 ඔබ මගෙම වෙන්න ඕනා
 මැයැදෙන්න දෙන්න උණුහුමේ ඔබේ
 මා හදවතින්ම උමතු වී තියේ
 
 ඔබ සිහිවන හැම මොහොතක් ගානේ
 දැකගන්නට ඔබ මා ළඟ නෑනේ
 නුදුරේදීම කරගන්නට මාගේ
 අවසර දෙන්නට පමණයි ඕනේ
 ඉඩ දෙන්නම් පපුතුරේ
 නැලවෙනු මැන සොඳුරියේ
 මට ඔබම තමයි ඕනා
 
 ඇස් ආදරෙන් පුරෝනා
 හිත පාළුවෙන් ගලෝනා
 ඔබ මගෙම වෙන්න ඕනා
 මැයැදෙන්න දෙන්න උණුහුමේ ඔබේ
 මා හදවතින්ම උමතු වී තියේ
 
 රැකගන්නම් ජීවිතයම වාගේ
 එක සැරයක් හද ගත්තානම් මාගේ
 සැනසෙන්නට හැමදාමත් ආයේ
 එනවද හිමිකම ගන්නට මගෙ හීනේ
 නොසිදෙන මහ සාගරේ
 තරමට මගෙ ආදරේ
 මට ඔබම තමයි ඕනා
 
 ඇස් ආදරෙන් පුරෝනා
 හිත පාළුවෙන් ගලෝනා
 ඔබ මගෙම වෙන්න ඕනා
 මැයැදෙන්න දෙන්න උණුහුමේ ඔබේ
 මා හදවතින්ම උමතු වී තියේ","සැනසෙන්නට හැමදාමත් ආයේ
 එනවද හිමිකම ගන්නට මගෙ හීනේ",ඔබ මට ආදරේනම් අපට සැමදා සතුටින් සැනසීමෙන් සිටිය හැක,හිමිකම ගන්නට මගෙ හීනේ,සහකාරිය වීමට,,,,
diwrala pawasanna,දිවුරාලා පවසන්න,centigradz,සෙන්ටිග්‍රේට්ස්,2011,Sajith Dilpahan,සජිත් දිල්පහන්,"දිවුරාලා පවසන්න මට ආදරෙයි නම්
මගෙ ලෝකේ ඔබ විතරමයි සිතෙනවා නම්
එය සත්තකයි සොඳුරේ මා මියෙන තාක්කල්
ඔබමයි මගේ සෙනෙහේ නෑ දෙන්නෙ කාටත්

හිරු මල් දෑතේ සඟවා වලා රොදක නැගිලා
සත් සමුදුරුම කළඹාලා ඔබ වෙතට එනවා
ඔබේ ඔය සිනාවේ රැඳී ඉන්න සසරේ
මුදු මල් යහන මගේ වේද හැමදාක සොඳුරේ

සියුමැලි ඇඟිලි තුඩු හදට තද කොට තබාලා
ඔබ සතපන්න තරු අහසේ වියනක් සදාලා
සුසුමක් හෙලන හැම වරෙක ඔබමයි සිතාලා
ඕ, නිදියන්න මගේ මැණික මට තුරුලු වීලා

හිරු මල් දෑතේ සඟවා වලා රොදක නැගිලා
සත් සමුදුරුම කළඹාලා ඔබ වෙතට එනවා
ඔබේ ඔය සිනාවේ රැඳී ඉන්න සසරේ
මුදු මල් යහන මගේ වේද හැමදාක සොඳුරේ",ඔබ සතපන්න තරු අහසේ වියනක් සදාලා,නුඹට සැතපීමට සැපවත් යහනක් සාදලා,තරු අහසේ වියනක්,‍ඇදක්,,,,
obata nohaka,ඔබට නොකැක,centigradz,සෙන්ටිග්‍රේට්ස්,2014,Mahesh Rathsara Madhdhumarachchi,මහේශ් රත්සර මද්දුමාඅරච්චි,"ඔබට නොහැක මගේ සෙවනට එන්නට
මටද නොහැක මල් විමන් තනන්නට
නමුදු සොඳුරේ මේ සුවිසල් අහස යට
අපේ සුසුමන් හමුවේලා මුමුණනු ඇත….

අතැඟිලි නොබැඳෙන හිත බැඳි සෙනෙහස
සසර පුරා ලඟ ඉන්න ඇතී
ඒ අත් භවයෙත් මේ වාගේම අපි
හමුවී වෙන්වී යන්න ඇති…..

හමුවී වෙන්වෙමූ සසර පුරැද්දට
එකම සඳේ සඳ එළිය දකිනකොට
ඉසුරැ මුණිය පෙම් යුවල නොවේ අප
හිනැහෙමු කඳුලැලි සඟවා හිත යට…..

ඔබට නොහැක මගේ සෙවනට එන්නට
මටද නොහැක මල් විමන් තනන්නට
නමුදු සොඳුරේ මේ සුවිසල් අහස යට
අපේ සුසුමන් හමුවේලා මුමුණනු ඇත",අතැඟිලි නොබැඳෙන හිත බැඳි සෙනෙහස,සැබෑ ලෝකයේදී එක්විය නොහැකි ආදරය,අතැඟිලි නොබැඳෙන,සැබෑ ලෝකයේදී එක්විය නොහැකි,ඉසුරැ මුණිය පෙම් යුවල නොවේ අප,දුප්පත් පොහොසත් භේදය පරයා නැගී සිටිය නොහකි බව,ඉසුරැ මුණිය පෙම් යුවල,භාදක ජයගෙන එක්වී සිටි යුවලක්
sina pipena me,සිනා පිපෙන මේ,samitha mudunkotuwa lakshman wijesekara,"සමිතා මුදුන්කොටුව, ලක්ෂ්මන් විජේසේකර",2014,kumaradasa saputhanthri,කුමාරදාස සපුතන්ත්‍රී,"සිනා පිපෙනා මේ වසන්තය
 නෙලා දෝතින් මලක් සේ
 මගේ ලොව වෙත ඔබයී ගෙන ආවේ
 සිනාසී ඔබයි ගෙන ආවේ
 වසන්තය මලක් සේ
 
 නිබඳ සුවදයි ඔබ නිසා මට
 ගම් මැදින් හමනා පවන සිහිලැල්
 ගම් දොරින් පිටමං නොවේවා
 නැවුම් සුහුඹුල් යෞවනේ හසරැල්
 
 සිනා පිපෙනා මේ වසන්තය
 නෙලා දෝතින් මලක් සේ
 මගේ ලොව වෙත ඔබයී ගෙන ආවේ
 සිනාසී ඔබයි ගෙන ආවේ
 වසන්තය මලක් සේ
 
 නිසල සිතුවිලි සසල තුරුලිය
 අතර තනිවෙමි ඔබ නිසා සතුටින්
 අහස සමුදුර වැළද සැනසෙමි
 තැනෙක සගවමි හද සෙනේ සුසුමින්
 
 සිනා පිපෙනා මේ වසන්තය
 නෙලා දෝතින් මලක් සේ
 මගේ ලොව වෙත ඔබයී ගෙන ආවේ
 සිනාසී ඔබයි ගෙන ආවේ
 වසන්තය මලක් සේ",සිනා පිපෙනා මේ වසන්තය,සතුටින් පිරි මේ වසන්තය,සිනා පිපෙනා,සතුටින් පිරි,,,,
ulkapathayak,උලකාපාතයක්,indrachapa liyanage,ඉන්ද්‍රචාප ලියනගේ,2010,Chinthana Dharmadasa,චින්තන ධර්මදාස,"අළු පාට වළාකුළු
කථාවක් නෑ
තරු නිවී තරු නිවී
රාත්‍රියේ
සඳක් නැති අහසේ
අරමුණක් නැතුව මං
ගිනි අරන් ගිනි අරන්
මොනවත් හොයන්

උල්කාපාතයක් අහසේ ගිනි අරන්
අළු වෙලා පොළවට වැටෙනා
උල්කාපාතයක්
උල්කාපාතයක් අහසේ ගිනි අරන්
අළු වෙලා පොළවට වැටෙනා
උල්කාපාතයක්

අහස් කාන්තාරයේ
නන්නාඳුනනා ජීවිතේ
ආලෝක වර්ෂ ගෙවා
ආදරේ අරමුණක් සොයා
පොළවට වැටෙනා
දේවතා එළියක්
ගිනි ගත්ත
තරු එළියක්

උල්කාපාතයක් අහසේ ගිනි අරන්
අළු වෙලා පොළවට වැටෙනා
උල්කාපාතයක් අහසේ ගිනි අරන්
අළු වෙලා පොළවට වැටෙනා
උල්කාපාතයක්","සඳක් නැති අහසේ
අරමුණක් නැතුව මං",ආදරයක් නොමැති මගේ ජීවිතයේ අරමුණක් නැතිව,සඳක් නැති අහස,ආදරයක් නොමැති මගේ ජීවිතය,,,,
sina thotak wiya,සිනාතොටක් විය,nirosha virajini,නිරෝශා විරාජිනී,2012,Bandula Nanayakkarawasam,බන්දුල නානායක්කාරවසම්,"සිනාතොටක් විය ඔබ පාමුල මා ලද සරදම්
මහෝගයක් විය ඔබෙන් ලැබු අපමණ අභිමන්
නොහඩා ඉන්නම් ගිලිහුනු දා පෙම් ලොව මල්දම්
‍දුටුව නිසා ආදරයේ දෙව් ‍රුව ඔබගෙන් මං

සිනාතොටක් විය ඔබ පාමුල මා ලද සරදම්
මහෝගයක් විය ඔබෙන් ලැබු අපමණ අභිමන්
නොහඩා ඉන්නම් ගිලිහුනු දා පෙම් ලොව මල්දම්
‍දුටුව නිසා ආදරයේ දෙව් ‍රුව ඔබගෙන් මං

පෝසත් ඔබ සිත ළග උවැසිය වී දැහැනට වී
සිටිය මිස නොදනිමි කොයි සිටියාදැයි මලවී
පුදසුන් මත මිස යද්දී සහසක් මල් පරවී
නොපිදු මල තවමත් ඇත ඔබ ගැන බැති බරවී

මගෙන් මිදුනු ලොව ඔබට මිහිරි නම් එය සැපකී
ඔබට ලංව දුක බෙදා ගන්ට බැරිකම දුකකී
මෙවැනි බැදුම් බැරි ලෝකය සිර ගෙයකී
එවන් ලොවක මේ හමුවීමත් වාවනු නොහැකී",නොපිදු මල තවමත් ඇත ඔබ ගැන බැති බරවී,මම (ආදරවන්තිය) තවමත් ඔබට ආදරය කරමි,බැති බරවී,ආදරයෙන්,නොපිදු මල තවමත් ඇත ඔබ ගැන බැති බරවී,,නොපිදු මල,ආදරවන්තිය
pem sihine,පෙම් සිහිනේ,pradeep rangana,ප්‍රදීප් රංගන,2014,pradeep rangana,ප්‍රදීප් රංගන,"ආදරයේ පාවෙන හැඟුමක්
 ජීවිතයක් සෙව්වා..
 
 ආදරයේ පාවෙන හැඟුමක්
 ජීවිතයක් සෙව්වා..
 පුරාණේ මගේ වූ ඔබේ ආදරේ
 මිරිඟුවක් තනිකමක් විතරමයි…
 
 පෙම් සිහිනේ… සිත සැනසූ සේයාවී..
 ඔබ මාගේ.. සිත රැවටූ මායාවී…
 
 පෙම් සිහිනේ… සිත සැනසූ සේයාවී..
 ඔබ මාගේ.. සිත රැවටූ මායාවී…
 
 මා ළඟින් ලංවෙලා – ඔබ එදා කී කතා..
 මගෙ දිළිඳු ලෝකෙ මාළිඟාවක් කළා..
 ඒ තැනූ මාළිඟා – සුන්වෙලා ගිය දිනේ..
 අඬන්න කඳුළු ඉතිරි නොකර යන්න ඔබ කියා..
 
 පෙම් සිහිනේ… සිත සැනසූ සේයාවී..
 ඔබ මාගේ.. සිත රැවටූ මායාවී…
 
 පෙම් සිහිනේ… සිත සැනසූ සේයාවී..
 ඔබ මාගේ.. සිත රැවටූ මායාවී…
 
 වස්සානයේ තනිවෙලා – තුරුළු වී උණුසුමේ..
 දෑඟිල්ලේ පැටලී උන් සැඳෑව සුන්දරයි..
 නුඹ මගේ හැම භවේ – දිව්රලා සෙනෙහසින්..
 කී කතාව මාගෙ ලෝකෙ තනිවෙලා ගියා..
 
 පෙම් සිහිනේ… සිත සැනසූ සේයාවී..
 ඔබ මාගේ.. සිත රැවටූ මායාවී…
 
 පෙම් සිහිනේ… සිත සැනසූ සේයාවී..
 ඔබ මාගේ.. සිත රැවටූ මායාවී…",මගෙ දිළිඳු ලෝකෙ මාළිඟාවක් කළා,මගේ දුප්පත් ජීවිතය සැපවත් කළා,මාලිගාව,සැපවත් ජීවිතය,"පුරාණේ මගේ වූ ඔබේ ආදරේ
 මිරිඟුවක් තනිකමක් විතරමයි…",අතීතයේ ඔබට මා කෙරේ තිබූ ආදරේ ව්‍යාජ වේ.,මිරිඟුවක්,බොරුවක්
nil dase,නිල දෑසේ,daddy,ඩැඩී,2007,unknown,නොදනී,"නිල් දෑසේ කැන් සලා
 යෞවනේ මත් කලා
 රන් දොතොල් රඟ දෙනා
 හද සයුර කැළඹුනා
 සඳ වගෙයි නැග එනා කුමරියන්
 හිනැහෙනා ම් …. හිනැහෙනා
 
 විකසිතයි සිනහවයි
 සුර අගුන් පරාදයි
 ඔබ තරම් රුව අරන්
 කොයිආද මේ ළදුන්
 තරු දහස් අතරේ
 බැබලෙන සඳ ඔබ වේ
 රන් කිරුළ අතරේ
 රූ රැජින අද ඔයා ඕ …. අද ඔයා
 
 නිල් දෑසේ කැන් සලා
 යෞවනේ මත් කලා
 රන් දොතොල් රඟ දෙනා
 හද සයුර කැළඹුනා
 සඳ වගෙයි නැග එනා කුමරියන්
 හිනැහෙනා ම් …. හිනැහෙනා
 
 විකසිතයි සිනහවයි
 සුර අගුන් පරාදයි
 ඔබ තරම් රුව අරන්
 කොයිආද මේ ළදුන්
 තරු දහස් අතරේ
 බැබලෙන සඳ ඔබ වේ
 රන් කිරුළ අතරේ
 රූ රැජින අද ඔයා ඕ …. අද ඔයා","රන් දොතොල් රඟ දෙනා
 හද සයුර කැළඹුනා","ලස්සන දෙතොල් වල සෙලවීම , සිත ප්‍රමෝදයට පත් කලා",හද සයුර කැළඹුනා,සිත ප්‍රමෝදයට පත් කලා,,,,
neththara,නේත්තරා,bathiya santhush,භාතිය සහ සන්තුෂ්,2005,"Wasantha DukgannaRala, Randir withana","වසන්ත දුක්ගන්නාරාල, රන්දීර් විතාන","We Gonna Burn your speakers down
We Gonnna Burn them to the ground
We Gonna Burn your speakers down
Because we got the place in hot sound

නේත්තරා නිදි නැති වෙන තරමට
ආල හැගුම් වැහිලා
හාන් කවිසියක් නොදන්න තාලෙට
අහක බලන් ඉදලා
තාක්ක තක දොං තරිකිට තකි දොං
තේක්ක මල් පිපිලා
අන්න බලන් සකි මෙන්න බලන් සකි
පාරට අතු නැමිලා


Thedka rane chedka mujeko ese pyas mita
Oye soniye oye janiye
Thumne subko batha
Mundaye pyarse mene kisa raha
Oye soniye oye janiye
Use nakare nardika

සේලේ මුතු මාලේ
හංග හංග සිබිමින්
හැංගි හැංගි සිටි කුන්ඩ සමන් පෙති
ඩිංග ඩිංග පිපියන්
ආලේ බැදි ආලේ දාලේ බිදුනාවේ
ආලේ බැදි ආලේ වින්ද දුකක් මෙතරම්


සේලේ මුතු මාලේ
හංග හංග සිබිමින්
හැංගි හැංගි සිටි කුන්ඩ සමන් පෙති
ඩිංග ඩිංග පිපියන්
ආලේ බැදි ආලේ දාලේ බිදුනාවේ
ආලේ බැදි ආලේ වින්ද දුකක් මෙතරම්


Tired of being played out
You best be moving out
Before I get rowdy
You best be walking out
I’m going to count to three
Don’t want to hear you talking
And when I’m done counting
I best see you walking
Don’t you ever come back
Baby girl step back
So he’s the deal mami
This time it’s for real mami
I’m moving on and I’m
not looking back mami
You treat me man like
you treat a tampon mami
Walk out the door you not
welcome any more mami
That’s right I’m sick of you
You and your crooked crew
Damn right I’m moving on
Tell me what you going to do
Grab your bags walk out of my house
Because when I see you all I want to do
Is slap the taste out of your mouth

නේත්තරා නිසි පදමට ගැලපෙන
ගීත නාද කරලා
කෝන්තරේකට නොවෙ නැටුම් පද
වැයුවේ දිගුන් තියා
කාත් කවුරුවත් නොසිටි මගේ සිතට
නුඹේ අත්තටු සිදුනා
ආන්තරාවක් නොවී එකට සිටි
කාලය වෙනස් වෙලා

සේලේ මුතු මාලේ
හංග හංග සිබිමින්
හැංගි හැංගි සිටි කුන්ඩ සමන් පෙති
ඩිංග ඩිංග පිපියන්
ආලේ බැදි ආලේ දෑලේ බිදුනාවේ
ආලේ බැදි ආලේ
වින්ද දුකක් මෙතරම්
ආලේ බැදි ආලේ දෑලේ බිදුනාවේ

Chup Chup kad hothe wed koi bath hai
weli mulakatha hai
weli mulakatha hai
aale bandi aale daale bindunawe
aale bandi aale winda dukak metharam","කාත් කවුරුවත් නොසිටි මගේ සිතට
නුඹේ අත්තටු සිදුනා",කාත් කවුරුවත් නැතිව සිටි මට ඔබේ සහය ලැබුනා,අත්තටු,සහයෝගය,,,,
budu padawi pathagena,බුදු පදවි පතාගෙන,chamara weerasinghe,චාමර වීරසිංහ,2015,Kavi Keethi thero,කවි කීර්ති හිමි,"බුදු පදවි පතාගෙන
දරුවන් රකිනා
අම්මා තවමත් ගිනිහල් ගේ ගිනි අතරේ
අම්මා තවමත් ගිනිහල් ගේ ගිනි අතරේ

මහළු මඩමකට විවරණ
පිනිස ගියාදෝ
උඩුමහන්තලාවේ
රතු පලසේ වැජඹෙනදා
ඇගේ දරුවෝ

බුදුපදවි පිනිස දූ පුතුන්ට
හිත දන්දුන් අම්මා
තවමත් ගිනි උහුලනවා මේ සසරේ
තවමත් ගිනි උහුලනවා අම්මා කතරේ

බුදු පදවි පතාගෙන
දරුවන් රකිනා
අම්මා තවමත් ගිනිහල් ගේ ගිනි අතරේ","බුදු පදවි පතාගෙන
දරුවන් රකිනා
අම්මා තවමත් ගිනිහල් ගේ ගිනි අතරේ",දරුවන් කෙරෙහි ඉතා ආදරයක් තිබුනත් ඔවුන් තවමත් දුක් විදී,"බුදු පදවි පතාගෙන
දරුවන් රකිනා",දරුවන් කෙරෙහි පවත්නා ධාරක සෙනෙහස,,,,
dubala eliya athi,දුබල එලිය ඇති,chamara weerasinghe,චාමර වීරසිංහ,2010,Unknown,Unknown,"දුබල එලිය ඇති පුංචි කාමරේ
තනි යහනක තනි වෙලා ආදරේ
හිතේ කිසිතෙතක් නැතිව මා කෙරේ
අරන් ගියා ඔබ ඔබේ ආදරේ
මීවිතකට ලොල් වී
අපිළිවෙලයි අද මා

බැඳී වරදකට නොහික්මුණු කමින්
මගේ චපල හිත හින්දා
බැඳී වරදකට නොහික්මුණු කමින්
මගේ චපල හිත හින්දා
ඔබේ සිතේ ඔබ මා වෙනුවෙන් තැනු
අහස් මාලිගා බින්දා
අහස් මාලිගා බින්දා

මගේ සිත අවනත නොමැති කමින්
සිදුවුනේ මොනවද මන්දා
මගේ සිත අවනත නොමැති කමින්
සිදුවුනේ මොනවද මන්දා
දනී හැරෙන විට හිමිගේ හොර හිත
ඉවකින් වගේ බිරින්දා
ඉවකින් වගේ බිරින්දා","ඔබේ සිතේ ඔබ මා වෙනුවෙන් තැනු
අහස් මාලිගා බින්දා",ඔබ තුල මා ගැන තිබූ විස්වාසය මම කඩ කලා,අහස් මාලිගා,බලාපොරොත්තු,,,,
hiru hinahi,හිරු හිනැහී,pradeep rangana,ප්‍රදීප් රංගන,2014,unknown,unknown,"හිරු හිනහී දිලුනා පෙරවරේ
නෙතු ගැටුනා නුඹ සරසවි බිමේ
සසරේ මතක මැව්වා දෝ රූ
හද කළඹා
සිත බැඳුනා නේ නෙතඟින් කී දේ
මා හද පුබුදාලා
මන පුබුදා වසඟ කලා

නව යොවුනේ පැතු පෙම වීලා
නොසිතුව සේ පෙරමඟ රැඳිලා
මා මනසේ රැඳි පෙම් රුව වූවා
මා හඳ රැඳුනේ නුඹ පමනයි නේ
සිත ගත් ආදරියේ
මන පුබුදා වසඟ කලා

හිරු හිනහී දිලුනා පෙරවරේ
නෙතු ගැටුනා නුඹ සරසවි බිමේ
සසරේ මතක මැව්වා දෝ රූ
හද කළඹා
සිත බැඳුනා නේ නෙතඟින් කී දේ
මා හද පුබුදාලා
මන පුබුදා වසඟ කලා",නෙතු ගැටුනා නුඹ සරසවි බිමේ,සරසවියේදී දුටු බව,නෙතු ගැටුනා,දුටුවා,,,,
ninda noyana handawe,නින්ද නොයන හැන්දෑවේ,ranidu,රනිදු,2008,unknown,නොදනී,"නින්ද නොයන හැන්දෑවේ සොදුරුයිද මොන තරම්…
 දුක නැතුවමත් නොවෙයි ඔබ යන්න යනවානම්…
 සිපගන්නට පමණක් නම් ඔය දෙතොල් ළං කලේ…
 විද ගන්නට මම ඉන්නම් එන නිවාඩුවට එනකං…
 
 නින්ද නොයන හැන්දෑවේ සොදුරුයිද මොන තරම්…
 දුක නැතුවමත් නොවෙයි ඔබ යන්න යනවානම්…
 දෑස් වසා.. කදුලු සලා.. දෑස් වලින්.. සිනා සිලා..
 සුසුම් වලින්.. කතා කලා..ඔබ යනවා සුවද තියා..
 
 නින්ද නොයන හැන්දෑවේ සොදුරුයිද මොන තරම්…
 දුක නැතුවමත් නොවෙයි ඔබ යන්න යනවානම්…
 සිපගන්නට පමණක් නම් ඔය දෙතොල් ළං කලේ…
 විද ගන්නට මම ඉන්නම් එන නිවාඩුවට එනකං…
 
 දෑස් වසා කදුලු සලා.. දෑස් වලින් සිනා සිලා..
 සුසුම් වලින් කතා කලා..ඔබ යනවා..සුවද තියා..
 
 නින්ද නොයන හැන්දෑවේ සොදුරුයිද මොන තරම්…
 දුක නැතුවමත් නොවෙයි ඔබ යන්න යනවානම්…
 සිපගන්නට පමණක් නම් ඔය දෙතොල් ළං කලේ…
 විද ගන්නට මම ඉන්නම් එන නිවාඩුවට එනකං…","දෑස් වසා කදුලු සලා.. දෑස් වලින් සිනා සිලා..
 සුසුම් වලින් කතා කලා..ඔබ යනවා..සුවද තියා.","බොරුවට පේන්න සිනාසෙන මුත් ඇතුලතින් දුක්වී, ඔබ මතකයන් ඉතුරු කර වෙන්වීයනවා",සුවඳ,සුන්දර මතක,,,,
athithaye ma,අතීතයේ මා,kasun kalhara,කසුන් කල්හාර,2015,unknown,නොදනී,"අතීතයේ මා පෙම් බැඳි ලියන්ටයි
 මේ ගීය ගයන්නේ හමු වී වෙන් වී
 මැද ආදරයේ බැඳි බිඳි අතැර ජීවිතේ
 ළඟ නොරැඳි රැඳි නික්මා ගිය ඒ
 සොඳුරු ලියන්ටයි මේ ගීය ගයන්නේ
 මේ ගීය ගයන්නේ……
 
 සොරාගත් මතකයන් තියා ඉනු දුරකින්
 හදින් නැගෙන ආදරේ නටඹුන්
 කුරුටු ගා රුධිරෙන් ළඟ නොරැඳි රැඳි නික්මා ගිය ඒ
 නිල්වනුන් රන්වනුන් ළඳු ලියන් නේලැසියන්ටයි
 මේ ගීය ගයන්නේ……
 
 ශිතල කඳුලකින් ලියා ළය රහසක්
 අප අපම වුණු අනන්ත නිමේෂයන්
 විඳ දරා හදවතින් ළඟ නොරැඳි රැඳි නික්මා ගිය ඒ
 නිල්වනුන් රන්වනුන් ළඳු ලියන් නේලැසියන්ටයි
 මේ ගීය ගයන්නේ……",හදින් නැගෙන ආදරේ නටඹුන්,මතක් වෙන පරණ ආදර මතකයන්,ආදරේ නටඹුන්,ආදර මතකයන්,,,,
channa kinnaravi,චන්න කින්නරාවී,bachi susan,බාචි සුසාන්,2015,Charith Senadheera,චරිත් සේනාදීර,"ස්වේත මීදුම් ඉරා දෙනෙත් මඟ ඇහිරු
ජිවිතේ සීත සෘතුවේ ගිරි දුර්ග අතරින්
මා එක්ක එනවාද චන්න කින්නරාවි
මා එක්ක එනවාද චන්න කින්නරාවි
මා එක්ක එනවාද චන්න කින්නරාවි

රළු පොළොව මතින් දිලෙනා
විඩාබර දිගු ගමනේ
මුදු සිනිදු දෙපා රිදෙනා
වේදනා සුසුම් අතරේ
ආදරේ ශේෂ වේවිද චන්න කින්නරාවි
මා එක්ක එනවාද චන්න කින්නරාවි

ස්වේත මීදුම් ඉරා දෙනෙත් මඟ ඇහිරු
ජිවිතේ සීත සෘතුවේ ගිරි දුර්ග අතරින්
මා එක්ක එනවාද චන්න කින්නරාවි
මා එක්ක එනවාද චන්න කින්නරාවි…

සඳ නිවීගිය රාත්රියේ තාරකා ගොළුව ඝන අදුරේ
ළය මතින් වැතිරි සොඳුරු හීනයකට ඉඩ දී
හිනැහෙන්න පුළුවන්ද චන්න කින්නරාවි","ස්වේත මීදුම් ඉරා දෙනෙත් මඟ ඇහිරු
ජිවිතේ සීත සෘතුවේ ගිරි දුර්ග අතරින්",ජීවිතේ ඕනෑම කටුක අවස්තාවකදී මා සමග ඉන්නවාද,ගිරි දුර්ග,බාදක,,,,
malsara heesarin,මල්සර හීසරින්,shashika nisansala,ශෂිකා නිසංසලා,2012,shantha deshabandu,ශාන්ත දේශබන්දු,"මල්සර හීසරින් ඇස් පිල්ලම් යටින්
 වින්දා කාටත් හොරෙන්
 කවුරුත් නැති සිත් මලින්
 ඉල්ලන්නේ මා ඔබෙන් දෙනවාද මා හට
 දෙනවාද මට ආදරේ
 
 මල්සරාගේ දුන්න වැරදී මටම වැදුනාදෝ
 පාලු නගරේ ඉන්න ආසයි ඉඩක් දෙනවාදෝ
 දිගන්තයකින් අනන්තෙට යන පාර මැද ඉන්නම්
 ඔබට ලංවී
 
 හදේ දොරටුව ලඟට ඇවිදින් සිතද ඉල්ලන්නේ
 මගේ නගරේ තවත් කෙනෙකුට ඉඩක් නෑ දෙන්නේ
 වසර ගණනක් පෙරුම් පුරලා ලැබූ මන්දීරේ
 මටම හිමිවූ
 
 මල්සර හීසරින් ඇස් පිල්ලම් යටින්
 වින්දා කාටත් හොරෙන්
 කවුරුත් නැති සිත් මලින්
 ඉල්ලන්නේ මා ඔබෙන් දෙනවාද මා හට
 දෙනවාද මට ආදරේ","මල්සරාගේ දුන්න වැරදී මටම වැදුනාදෝ
 පාලු නගරේ ඉන්න ආසයි ඉඩක් දෙනවාදෝ","අහම්බයෙන් ඔබව මට හම්බුනා. ඔබත් තනිකඩ නිසා , මට ඔබ කෙරේ ආදරයක් ඇති උනා",පාලු නගරේ,තනිකඩ ඔබේ සිත,"හදේ දොරටුව ලඟට ඇවිදින් සිතද ඉල්ලන්නේ
 මගේ නගරේ තවත් කෙනෙකුට ඉඩක් නෑ දෙන්නේ",මට ආදරෙයි කියලද කියන්නේ? මට වෙන කෙනෙක් ඉන්නවා,හදේ දොරටුව ලඟට ඇවිදින් සිතද ඉල්ලන්නේ,මට ආදරෙයි කියලද කියන්නේ?
sanda raata raata,සඳ රෑට රෑට,shashika nisansala,ශෂිකා නිසංසලා,2013,hemasiri halpita,හේමසිරි හල්පිට,"සඳ රෑට රෑට සඳ විමනට තරු අරන් ගියා
 ඔබ ආදරේට මටත් හොරෙන් හිත අරන් ගියා
 ඔබ මේ ආවේ මා සොයා සසරේ පුරුදු ඇති නිසා
 පෙර ආත්මයේ මා ඔබේ නිසා…
 
 සඳ රෑට රෑට සඳ විමනට තරු අරන් ගියා
 ඔබ ආදරේට මටත් හොරෙන් හිත අරන් ගියා
 ඔබ මේ ආවේ මා සොයා සසරේ පුරුදු ඇති නිසා
 පෙර ආත්මයේ මා ඔබේ නිසා…
 
 සිත ආදරේ කරන්න බෑ කියා
 දඟකාර සේ හිඳී එපා කියා…
 සඳ තරු මිලිනව යාදෝ
 යලි හිරු නැග ඒදෝ
 මගෙ හද ගැහෙයි ඒ නිසා
 
 සඳ රෑට රෑට සඳ විමනට තරු අරන් ගියා
 ඔබ ආදරේට මටත් හොරෙන් හිත අරන් ගියා
 ඔබ මේ ආවේ මා සොයා සසරේ පුරුදු ඇති නිසා
 පෙර ආත්මයේ මා ඔබේ නිසා…
 
 ඔබ ජීවිතේම දෙන්න මා පතා
 මට ආදරේ කරන්න ආ නිසා…
 ඔබ ජීවිතේම දෙන්න මා පතා
 මට ආදරේ කරන්න ආ නිසා…
 ඔබ සඳ කිරණක් වේදෝ
 ඝන අඳුරක් වේදෝ
 මගෙ හද ගැහෙයි ඒ නිසා
 
 සඳ රෑට රෑට සඳ විමනට තරු අරන් ගියා
 ඔබ ආදරේට මටත් හොරෙන් හිත අරන් ගියා
 ඔබ මේ ආවේ මා සොයා සසරේ පුරුදු ඇති නිසා
 පෙර ආත්මයේ මා ඔබේ නිසා…","ඔබ සඳ කිරණක් වේදෝ
 ඝන අඳුරක් වේදෝ","ඔබ මගේ ජීවිතයට යහපතක් වේදෝ,අයහපතක් වේදෝ",සඳ කිරණ,ජිවිතයට යහපතක්,"ඔබ සඳ කිරණක් වේදෝ
 ඝන අඳුරක් වේදෝ",,ඝන අඳුර,ජීවිතයට අයහපතක්
Pipichcha Mal Uda,පිපිච්ච මල් උඩ,Samitha Mudunkotuwa,සමිතා මුදුන්කොටුව,2002,Preethi Randeniya,ප්‍රීති රංදෙණිය,"පිපිච්ච මල් උඩ වැටිච්ච පිනි පොද
හිතිච්ච දේ කර දෙයි
මැරිච්ච මල් ටික වැටිච්ච යුරු දැක
බටිච්චියක් දුවතෙයි ...//
පැලිච්ච දන් වල පිරිච්ච පැණි ටික
කිරිල්ලියක් උරතෙයි
තැලිච්ච දන් ගෙඩි විසික්ක කරමින්
නැටිච්චියෙක් නටතෙයි...//
වරිච්ච බිත්තියෙ හැදිච්ච කූඩුවෙ
කුරුළු පැටවූ නටතෙයි
තනත් තනෙන තම් දනත් තනෙන තම්
තාලෙට උන් නටතෙයි...//","පිපිච්ච මල් උඩ වැටිච්ච පිනි පොද
හිතිච්ච දේ කර දෙයි",මල් උඩට වැටුණු පිනි බිංදු,පිනි පොද,සොබාදහම,,,,
Sitha Handa Kare,සීත හැන්දෑකරේ,Ajith Bandara,අජිත් බණ්ඩාර,2006,Unknown,Unknown,"සීත හැන්දෑකරේ සුදු සේද මීදුම් මැදින්
කන්ද මුදුනින් හොරෙන් කවුද එබිකම් කළේ
පූර්ණ චන්ද්රාද ඒ ඈත ලයිමේ තැනූ
හීන ප්රාසාදයේ චාරු දේවි ද මේ
සීත හැන්දෑකරේ සුදු සේද මීදුම් මැදින්
කන්ද මුදුනින් හොරෙන් කවුද එබිකම් කළේ
සීත හැන්දෑකරේ සුදු සේද මීදුම් මැදින්
කන්ද මුදුනින් හොරෙන් කවුද එබිකම් කළේ
කඳුයාය පීරමින් මදහාස පා සෙමෙන්
මට පේන හින්දා ඈතින් සඳ පාන හැංගුණාදෙන්
මඳ සීත මාරුතේ තනි යහන පාළුවෙන්
කරකාර ලන්න ඇත්නම් මගේ හීන රාජිනී
සදා මා පැතූ සිනාවේ ඔබේ දෑස වාසනාවේ
දයාලූ පෙමින් උදාවේ සැනසීම මා පැතුවේ
සදා මා පැතූ සිනාවේ ඔබේ දෑස වාසනාවේ
දයාලූ පෙමින් උදාවේ සැනසීම මා පැතුවේ
සීත හැන්දෑකරේ සුදු සේද මීදුම් මැදින්
කන්ද මුදුනින් හොරෙන් කවුද එබිකම් කළේ
පූර්ණ චන්ද්රාද ඒ ඈත ලයිමේ තැනූ
හීන ප්රාසාදයේ චාරු දේවි ද මේ
සීත හැන්දෑකරේ සුදු සේද මීදුම් මැදින්
කන්ද මුදුනින් හොරෙන් කවුද එබිකම් කළේ
සීත හැන්දෑකරේ සුදු සේද මීදුම් මැදින්
කන්ද මුදුනින් හොරෙන් කවුද එබිකම් කළේ
සඳරේණු හාඳුවේ හිත මාගෙ නාවමින්
මට හාද වු සැනින් මං සඳ තාරකා ගෙනෙන්නම්
කඳු පාමුලේ තැනූ රන් රෝස මාලිගේ
ඔබගේ නමින් පුදන්නම් පණසේම මං රකින්නම්
සදා මා පැතූ සිනාවේ ඔබේ දෑස වාසනාවේ
දයාලූ පෙමින් උදාවේ සැනසීම මා පැතුවේ
සදා මා පැතූ සිනාවේ ඔබේ දෑස වාසනාවේ
දයාලූ පෙමින් උදාවේ සැනසීම මා පැතුවේ
සීත හැන්දෑකරේ සුදු සේද මීදුම් මැදින්
කන්ද මුදුනින් හොරෙන් කවුද එබිකම් කළේ
පූර්ණ චන්ද්රාද ඒ ඈත ලයිමේ තැනූ
හීන ප්රාසාදයේ චාරු දේවි ද මේ
සීත හැන්දෑකරේ සුදු සේද මීදුම් මැදින්
කන්ද මුදුනින් හොරෙන් කවුද එබිකම් කළේ",තනි යහන පාළුවෙන්,තනිකම නිසා ජීවිතයට දැනෙන පාළුව,තනි යහන,තනිකම,,,,
kiri kodu hithata,කිරි කෝඩු හිතට,bathiya santhush ft nirosha virajini,භාතිය සන්තුෂ්  ft නිරෝශා විරාජිනී,2005,"Nilar N. Kasim, Sajini","නිලාර් එන් කාසිම්, සජිනි","කිරි කෝඩු හිතට ආල නුඹේ දෑස යාවුනා
මගේ කෝල කමට ලෝල හැඟුම නුඹට පේවුනා

உயிராய் மொழியாய் உணர்வில் நிறைந்தாய்
இதயம் முழுதும் இசையாய் இணைந்தாய்

සුපෙම් නුවන් විමසාවි රෑ දිවා
ඔබ රූ අඳුන් දසුනින් දුරයි කියා

ஓராயிரம் விண்மீன்கள் கோர்த்து
ஒரு முத்தமாய் உன் கன்னம் சேர்ப்பேன்

මතු මා පැතූ කිසිවක් නොවේ
සැනසීම වේ ආදරේ

உன் புன்னகை என் ஸ்வாசமாகும்
உன் பார்வையால் பெண்ணாகினேனே

ඔබ මේ පිදූ සේවනේම රැඳිලා
මගේ ජීවිතේ නවතීවි පාසිනා

கண்ணாளனே உன்னோடு நான்
கலந்திட வேண்டுமே","ඔබ මේ පිදූ සේවනේම රැඳිලා
මගේ ජීවිතේ නවතීවි පාසිනා",ඔබ දුන්නු ආදරයම තුරුලු කරන් මගේ ජීවිතය අවසන් වේවි.,සෙවන,ආදරය,,,,
oba yanna,ඔබ යන්න,milin rupasinghe,මිලින් රූපසිංහ,2010,Tiran gunasekara,ටිරාන් ගුණසේකර,"එපා තවත් මගෙ හිත රිදවන්න
 එපා..තවත් මගෙ හිත රිදවන්න
 ආල නුරා කම් පෑවට සොඳුරු
 ප්‍රේම හැඟුම් මතකයි මට රුහිරුදු
 ඔබ යන්න…ඔබ යන්න…
 
 හිත කීරි ගැහෙනවා මගෙ වෙනදා විදියට
 නුඹ මතක ලොවේ සැරිසරණ වෙලාවට
 නුඹ නැතිව බැරි වුනත් උණුහුමකට මා ලඟ
 පෙම් කරන්න බෑ යළි ගොළුවූ හදකට
 ඔබ යන්න…ඔබ යන්න…
 
 හිත කීරි ගැහෙනවා මගෙ වෙනදා විදියට
 නුඹ මතක ලොවේ සැරිසරණ වෙලාවට
 නුඹ නැතිව බැරි වුනත් උණුහුමකට මා ලඟ
 පෙම් කරන්න බෑ යළි ගොළුවූ හදකට
 ඔබ යන්න…ඔබ යන්න…
 
 හිත කීරි ගැහෙනවා මගෙ වෙනදා විදියට
 නුඹ මතක ලොවේ සැරිසරණ වෙලාවට
 නුඹ නැතිව බැරි වුනත් උණුහුමකට මා ලඟ
 පෙම් කරන්න බෑ යළි ගොළුවූ හදකට
 ඔබ යන්න…ඔබ යන්න…
 
 එපා තවත් මගෙ හිත රිදවන්න
 එපා..තවත් මගෙ හිත රිදවන්න
 ආල නුරා කම් පෑවට සොඳුරු
 ප්‍රේම හැඟුම් මතකයි මට රුහිරුදු
 ඔබ යන්න…ඔබ යන්න…",නුඹ මතක ලොවේ සැරිසරණ වෙලාවට,මට නුබේ මතකයන් මතක් වන විට,මතක ලොවේ සැරිසරණ,මතකයන් මතක් වීම,,,,
pinna pipena,පින්න පිපෙන,samitha mudunkotuwa,සමිතා මුදුන්කොටුව,2006,kamal prasad,කමල් ප්‍රසාද්,"පින්න පිපෙන රෑ යාමේ
 එන්නදෝ සොයා
 කැකුළු පිපෙන සඳ පානේ
 සිටිදෝ ඔයා
 
 පින්න පිපෙන රෑ යාමේ
 එන්නදෝ සොයා
 කැකුළු පිපෙන සඳ පානේ
 සිටිදෝ ඔයා
 
 මගේ සිත දමා කිසිදිනේ යන්නේ නෑ කියා
 මගේ සිත දමා කිසිදිනේ යන්නේ නෑ කියා
 එදා කී කතා මා හදවතේ ඇත ලියා..
 
 පින්න පිපෙන රෑ යාමේ
 එන්නදෝ සොයා
 කැකුළු පිපෙන සඳ පානේ
 සිටිදෝ ඔයා
 
 මා දුක නිවා සෙනෙහසින් බැදෙන්නට සදා
 මා දුක නිවා සෙනෙහසින් බැදෙන්නට සදා
 එදා මා පැතු ඔබේ ආදරේ ගොළු වෙලා..
 
 පින්න පිපෙන රෑ යාමේ
 එන්නදෝ සොයා
 කැකුළු පිපෙන සඳ පානේ
 සිටිදෝ ඔයා","මගේ සිත දමා කිසිදිනේ යන්නේ නෑ කියා
 එදා කී කතා මා හදවතේ ඇත ලියා..","ඔබ පෙරදී,මා හට හැමදාම එකසේ ආදරය කරන බව කිවූ බව මට අමතක නොවේ",හදවතේ ඇත ලියා,ස්ථිර ලෙස මතකයේ ඇත,,,,
sudu hansiye mihiraviye,සුදු හන්සියේ මිහිරාවියේ,ajith bandara,අජිත් බන්ඩාර,2006,Hemasiri Halpita,හේමසිරි හල්පිට,"සුදු හංසියේ මිහිරාවියේ
සුදු හංසියේ මිහිරාවියේ
මගෙ අත දවටා ඔබේ බඳ වටා
මා වෙත තව තව ඔබ ළං කරගෙන
නිර්මල හදවත මුමුණන රිද්මය
අහන්න කීවා
මතකද දවසක් දා…
සුදු හංසියේ මිහිරාවියේ
සුදු හංසියේ මිහිරාවියේ
ඔබේ ළඟම හැම දිනේ හිඳින්නම්
මම ඔබගේමයි ඔබ කීවේ
ඔබේ ළඟම හැම දිනේ හිඳින්නම්
මම ඔබගේමයි ඔබ කීවේ
ජීවිතය දැනෙන්නේ ඔබගෙන් බව මට
කියු හැටි යළි යළි මතකේ මැවේ
කියු හැටි යළි යළි මතකේ මැවේ
සුදු හංසියේ මිහිරාවියේ
සුදු හංසියේ මිහිරාවියේ
මගේ හීන ගිනි තබා මියෙන්නම්
ඔබ නොලැබීමයි මගෙ දෛවේ
මගේ හීන ගිනි තබා මියෙන්නම්
ඔබ නොලැබීමයි මගෙ දෛවේ
ආදරය තිබෙන්නේ විඳගන්නට මිස
දුක් විඳ විඳ විඳවන්න නොවේ
දුක් විඳ විඳ විඳවන්න නොවේ
සුදු හංසියේ මිහිරාවියේ
සුදු හංසියේ මිහිරාවියේ
මගෙ අත දවටා ඔබේ බඳ වටා
මා වෙත තව තව ඔබ ළං කරගෙන
නිර්මල හදවත මුමුණන රිද්මය
අහන්න කීවා
මතකද දවසක් දා
සුදු හංසියේ මිහිරාවියේ
සුදු හංසියේ මිහිරාවියේ",මගේ හීන ගිනි තබා මියෙන්නම්,මගේ හීන විනාශකර දමන්නම්,ගිනි තබා,විනාශ කර,,,,
dase adare,ආදරේ දෑසේ,ruwan hettiarachchi 2022,රුවන් හෙට්ටිආරච්චි,2015,Unknown,unknown,"මා දෑසේ ආදරේ හැඟුම් ලියා තියා
ඈ කවුදෝ මා හදේ හැගුම් වශී කලා
පාරාදීසේ මා දමා
පාළුවේ ඈ ගියා
මා දෑසේ ආදරේ හැඟුම් ලියා තියා

වේදනාවකී ඇගේ සෙනේ
මා පැතූව ලෝකයේ
වාසනාව පා වුනේ කොහේ
මට වේදනා තිලිණේ පුදා
හසරැල් සලා
ඈ මිදීලා යාවී මා දමා

ජීවිතේ පුරා ඔබේ සෙනේ
ලැබේවිදෝ ළඳේ ඔබේ
ආදරේ ලැබේවිදෝ ළදේ
සෙනෙහේ පුදා සසරේ පුරා
පැතුමන් දරා
ඈ මෙ මාව ඒවිදෝ සොයා

මා දෑසේ ආදරේ හැඟුම් ලියා තියා
ඈ කවුදෝ මා හදේ හැගුම් වශී කලා
පාරාදීසේ මා දමා
පාළුවේ ඈ ගියා
මා දෑසේ ආදරේ හැඟුම් ලියා තියා","මා දෑසේ ආදරේ හැඟුම් ලියා තියා
ඈ කවුදෝ මා හදේ හැගුම් වශී කලා",ඇය පිලිබද මාගේ සිතේ ආදරයක් ඇති උනා,ආදරේ හැඟුම් ලියා,ආදර හැගීමක් ඇති වීම,,,,
alaye gatha,ආලයේ ගාථා,kasun kalhara,කසුන් කල්හාර,2015,Sunil Ariyarathna,සුනිල් ආරියරත්න,"ආලයේ ගාථා – සජ්ජායනා කලා

ආලයේ මන්ත්‍ර – සිය වරක් ජප කලා
චණ්ඩාල වශී බන්ධනයෙන් හද බැඳ තබා
සාධු ජන ස්වප්නය ට නිගා දී ඔබ ගියා…

ස්නේහයේ චුම්බනය – නලල මත වගුරුවා

ආලිංගනය සුරස – මතක පොත පුරව්වා
ප්‍රේම ආරාමයේ – කැනි මඩළ බිම හෙලා
සාර තර වසන්තය – නිමා කර ඔබ ගියා…

සුපුෂ්පිත හදවතේ – සුගන්ධය විහිදුවා

සුරක්ෂිත දොරටුවේ – සෙබළ මුළු විසුරුවා
ප්‍රේමයේ…….අභය භුමියේ දි මා නසා
මධුර මධු කුසලාන – කඩා බිඳ ඔබ ගියා…

ආලයේ ගාථා – සජ්ජායනා කලා
ආලයේ මන්ත්‍ර – සිය වරක් ජප කලා
චණ්ඩාල වශී බන්ධනයෙන් හද බැඳ තබා
සාධු ජන ස්වප්නය ට නිගා දී ඔබ ගියා…",ප්‍රේම ආරාමයේ කැනි මඩළ බිම හෙලා,ප්‍රේමය අවසන් වූවා,කැනි මඩළ,අත්තිවාරම,,,,
ran wan mal dam,රන්වන් මල්දම්,centigradz,සෙන්ටිග්‍රේට්ස්,2014,Sajith Dilpahan,සජිත් දිල්පහන්,"රන්වන් මල්දම් සොද ගොතා මා අතින්
ගෙන නිල් වරලස හැඩ දමා සිතින්
මන්මත් කරදා මුදු සිනහ මල් සරින්
සැනසෙන්නම් සොඳුර නුඹ මතින්

රන්වන් මල්දම් සොද ගොතා මා අතින්
ගෙන නිල් වරලස හැඩ දමා සිතින්
මන්මත් කරදා මුදු සිනහ මල් සරින්
සැනහෙන්නම් සොඳුර නුඹ මතින්

ඔය මුදු පහසෙ දැවටෙන්න මගෙ ජීවිතේ
සඳ කිරණක්ව සරසන්න මගෙ ආදරේ
මට පවසන්න ඔය නෙතඟෙ බැඳි ආදරේ
මගෙ හිත තාම නුඹ ගාව රැඳිලා තියේ

තුරුලට රැගෙන ආදරෙන් සිඹිමින්
හැඟුමක පැහැය නුඹෙ දෙතොලෙ තබමින්
හෙමිහිට ළමැද මත හුස්ම තබමින්
සෙනෙහෙස පතමි නුඹෙ දැහැනෙ රැඳෙමින්",සඳ කිරණක්ව සරසන්න මගෙ ආදරේ,මගේ ආදරය ඔබ තුල දීප්තිමත්ව තබාගන්න,සඳ කිරණක්ව,වඩා දීප්තිමත්ව,,,,
shrungariye,ශෘංගාරියේ,rahal alwis 2017,‍රහල් අල්විස්,2017,Unknown,Unknown,"මායම් දෑසින්
ආදරේ ලියා
සායම් කලා
ප්‍රේමයෙ නුරා

පායන් ඈතින්
පාඩුවේ නුරා

හීනෙන් පවා
ආදරේ වෙලා

ලංවී මා හිත ගත්තු
ශෘංගාරීයේ
වෙන් වීලා නොමයන්න
සංසාරයේ
පෙම් වී
මා මුමුනන්නේ
මල් හීනයේ
විහිදා සිනා
දැනෙනා සදා

මා ශෘංගාරීයේ","මායම් දෑසින්
ආදරේ ලියා
සායම් කලා
ප්‍රේමයෙ නුරා",ඔබගේ බැල්මෙන් මා ප්‍රේමයේ වෙලුනා,මායම් දෑසින්,බැල්ම,,,,
nilla pura,නිල්ල පුරා,milin rupasinghe,මිලින් රූපසිංහ,2011,Aruna kithsiri,අරුණ කිත්සිරි,"නිල්ල පුරා පිණි අතුරා
 විහඟ ගයා ගී මුමුණා
 අරුණේ රඟපා වී සිනාසී
 තුරුලේ උණුසුම සොයලා…
 
 නිල්ල පුරා පිණි අතුරා
 විහඟ ගයා ගී මුමුණා
 අරුණේ රඟපා වී සිනාසී
 තුරුලේ උණුසුම සොයලා…
 
 ලොව කොතැන ද කොහේ ද තියෙන්නේ
 නුඹ මා හා නුඹ එක් තැන් වෙනා තරම්
 සුවබර සුන්දර පිරිපුන් මනරම්
 මෙතරම් ලස්සන නවාතැනක්
 තුරුලේ….උණුහුම විදිනා…
 
 නිල්ල පුරා පිණි අතුරා
 විහඟ ගයා ගී මුමුණා
 අරුණේ රඟපා වී සිනාසී
 තුරුලේ උණුසුම සොයලා…
 
 නිල්ල පුරා පිණි අතුරා
 විහඟ ගයා ගී මුමුණා
 අරුණේ රඟපා වී සිනාසී
 තුරුලේ උණුසුම සොයලා…
 
 නිල්ල පුරා පිණි අතුරා
 විහඟ ගයා ගී මුමුණා
 අරුණේ රඟපා වී සිනාසී
 තුරුලේ උණුසුම සොයලා…","සුවබර සුන්දර පිරිපුන් මනරම්
 මෙතරම් ලස්සන නවාතැනක්
 තුරුලේ….උණුහුම විදිනා…",පෙම්වතියගේ තුරුලේ සිටීම කෙතරම් සුවදායක මන්ස්කාන්ත දෙයක් ද බව,ලස්සන නවාතැනක්,තුරුල,,,,
akasaye dura,ආකාසයේ දුර,shashika nisansala,ශෂිකා නිසංසලා,2015,wasantha kobawaka,වසන්ත කොබවක,"ආකාසයේ දුර ගිම්හාන ඉවුරේ…
 ආකාසයේ දුර ගිම්හාන ඉවුරේ
 මා ඉගිල එන්නම් ලගින් තුරුළු වෙන්නම්…
 ඔබේ උණුසුමේ රාත්‍රියේ
 ඔබේ උණුසුමේ රාත්‍රියේ…
 
 නන්නාදුනන මේ රන් තාරකාවෙන්
 වලා යහන රන්වන් වෙලා…
 ඔබේ නුහුරු ගීයෙන් සදා සොඳුරු බැල්මෙන්
 රැයේ පීදිලා යව්වනේ…
 
 ආකාසයේ දුර ගිම්හාන ඉවුරේ…
 ආකාසයේ දුර ගිම්හාන ඉවුරේ
 මා ඉගිල එන්නම් ලගින් තුරුළු වෙන්නම්…
 ඔබේ උණුසුමේ රාත්‍රියේ
 ඔබේ උණුසුමේ රාත්‍රියේ…
 
 මං මුලා කතරේ…
 කෙම් බිමක්‌ වූ මේ
 දිලී නිලෙන තුරු වැල් අරා
 නිදා නො ඉඳ ඉන්නම්
 ලියා තබා යන්නම්
 ඔබේ ජීවිතේ මා නමින්…
 
 ආකාසයේ දුර ගිම්හාන ඉවුරේ…
 ආකාසයේ දුර ගිම්හාන ඉවුරේ
 මා ඉගිල එන්නම් ලගින් තුරුළු වෙන්නම්…
 ඔබේ උණුසුමේ රාත්‍රියේ
 ඔබේ උණුසුමේ රාත්‍රියේ…","නන්නාදුනන මේ රන් තාරකාවෙන්
 වලා යහන රන්වන් වෙලා…",තාරකා එලියෙන් බබලන මේ රාත්‍රි වලාකුළු සමූහය,වලා යහන,වලාකුළු සමූහය,,,,
heenayak da me,හීනයක් ද මේ,prasanga thisera shashika nisansala,ශෂිකා නිසන්සලා ft ප්‍රසංග තිසේරා,2013,unknown,unknown,"හීනයක් ද මේ නිල් මැණික් දෑස ලං වෙලා
නෑ ඉතිං අනේප්‍රේමයත් ගීතයක් වෙලා
සාගරෙත් දනීආදරෙත් මේඝයක් උනා
සත්තමයි අනේ ජීවිතෙත් මහමෙරක් උනා

දෝරෙගලා යන කදුළු ගංගා සිඹී
දෑස් මායිමේ ඔබෙ රුව මත මල් පිපේ
කාලෙහී කියා දුන්නේක සෝ දුක් නිවී
පීරු අහසේ තරු මල් දැන් ඇත විකසිත වී

මා සුපෙම් ප්‍රියාවියේ
මේ පණ නලත් ඔබේ

හීනයක් ද මේ නිල් මැණික් දෑස ලං වෙලා
නෑ ඉතිං අනේප්‍රේමයත් ගීතයක් වෙලා
සාගරෙත් දනීආදරෙත් මේඝයක් උනා
සත්තමයි අනේ ජීවිතෙත් මහමෙරක් උනා

මගේ ලයේඔබෙ සුසුම් රෑනක් එතී
කීව දොම්නස්ගීත ගොන්නක් හඬා වැටේ
සිනා ගෙන ආඔය දෑස් කැලමෙන් මිදී
කෙසේ සිටින්නද දැන් අනේ මා නම් නොදනී

මා සුපෙම් ප්‍රියාවියේ
මේ පණ නලත් ඔබේ

හීනයක් ද මේ නිල් මැණික් දෑස ලං වෙලා
නෑ ඉතිං අනේප්‍රේමයත් ගීතයක් වෙලා
සාගරෙත් දනීආදරෙත් මේඝයක් උනා
සත්තමයි අනේ ජීවිතෙත් මහමෙරක් උනා",සාගරෙත් දනීආදරෙත් මේඝයක් උනා,ආදරය ඒතරම් විශාලයි,මේඝයක්,විශාල බව,,,,
wasana lowak genawa,වාසනා ලොවක්,Dushyanth Weeraman,දුෂ්‍යන්ත වීරමන්,2009,Unknown,Unknown,"වාසනා ලොවක් ගෙනාව
දිව්ය ලෝකේ ඉදලා අාව කෙල්ලේ සුරූපි කෙල්ලේ...
වාසනා ලොවක් ගෙනාව
දිව්ය ලෝකේ ඉදලා අාව කෙල්ලේ සුරූපි කෙල්ලේ
වේදනා ලොවින් මෙමාව ගලව ගත්ත මා සුරූපි කෙල්ලේ
සුරූපි කෙල්ලේ
දුගී පැලක තරුණයෙක් අතේ
රිදී මැණික් රත්තරං ඇතේ
දුගී පැලක තරුණයෙක් අතේ
රිදී මැණික් රත්තරං ඇතේ
මාළිගාව හැරදමාලා ආවේ ඇයි ගදේ
ආවේ ඇයි ගදේ...
වාසනා ලොවක් ගෙනාව
දිව්ය ලෝකේ ඉදලා අාව කෙල්ලේ සුරූපි කෙල්ලේ
දෙමාපියන් මුදල් වතුපිටී
එපා කියා පැලට ආ හැටි
දෙමාපියන් මුදල් වතුපිටී
එපා කියා පැලට ආ හැටි
ලොවට පෙන්නුවානේ නියම ආදරේ හැටි
ආදරේ හැටි...
වාසනා ලොවක් ගෙනාව
දිව්ය ලෝකේ ඉදලා අාව කෙල්ලේ සුරූපි කෙල්ලේ
වේදනා ලොවින් මෙමාව ගලව ගත්ත මා සුරූපි කෙල්ලේ
සුරූපි කෙල්ලේ
රිදී ඉරයි වැහි වලාකුළේ
පිපී සුවද දෙන නෙළුම් මලේ
රිදී ඉරයි වැහි වලාකුළේ
පිපී සුවද දෙන නෙළුම් මලේ
මගේ අන්දකාර දිවිය ඔබයි එළි කලේ
ඔබයි එළි කලේ
වාසනා ලොවක් ගෙනාව
දිව්ය ලෝකේ ඉදලා අාව කෙල්ලේ සුරූපි කෙල්ලේ
වේදනා ලොවින් මෙමාව ගලව ගත්ත මා සුරූපි කෙල්ලේ
සුරූපි කෙල්ලේ
වාසනා ලොවක් ගෙනාව
දිව්ය ලෝකේ ඉදලා අාව කෙල්ලේ
සුරූපි කෙල්ලේ
වාසනා ලොවක් ගෙනාව
දිව්ය ලෝකේ ඉදලා අාව කෙල්ලේ
සුරූපි කෙල්ලේ","දුගී පැලක තරුණයෙක් අතේ
රිදී මැණික් රත්තරං ඇතේ",ආර්ථික වශයෙන් දුප්පත් තරුණයන්ට ඇත්තේ මිල කළ නොහැකි ආදරයකි,රිදී මැණික් රත්තරං,ආදරය,,,,
arabiya,අරාබිය,daddy,ඩැඩී,2011,unknown,නොදනී,"මගේ නම ගයාන්
 අපේ ගෙවල් පැත්ත අරාබිය වගේ උනාට
 මේ ලඟදි දවසක
 රුවැති යුවතියක් පැමිණියා…
 ඇත්තම කියනව නම්
 ඇගේ ඇස් ඒ හිනාව ඒ කතාව
 මගේ හදේ තදින්ම දැවටිලා
 ඉතින් උදේ නැගිට්ට වෙලාවේ ඉඳන්
 මම මොන වැඩේ කරන්න හැදුවත්
 මගේ මතකයට එන ඇය
 මගේ හිතට දැන් නම් වදයක් වෙලා
 
 ඉතින් නුඹ.. ඉතින් නුඹ.. ඉතින් නුඹ..
 ඇයට කැමති නම්
 සිතින් නුඹ දුරින් හිඳ පලක් නැත පෙම් කරලා
 මගෙ දිවියේ මෙතෙක් නොදුටූ
 අමුතු සොඳුරු රුවක් එක්ක මා සිත දැවටිලා
 ඇයට නොකියා ල ල ල ල ලයෙහි සඟවා
 තවත් ඉන්න බෑ ඇය දෙස බලන්
 
 මම ශමිල මං මෙයාගෙ හොඳ ‍ෆිට් එකක්
 මම හැම තිස්සෙම කියන්නෙ උඹ ඔහොම හිටියොත්
 වෙන ග්‍රහයෙක් ඇවිත්
 ඇගේ සිත අරන් යනවාමයි
 අනිත් එක උඹට ඔය ඇසුයි කනුයි නහය වලුයි
 හිතේ දැව‍ටුනා කිව්වට
 මට නම් කිසීම දෙයක් දැව‍ටුන්නෑ
 උඹට කෙල්ලෙක් ඕනෑම නම් හොයල දෙන්නම්කො
 අන්තිමේදි කොහොම කොහොම හරි ඔය කෙල්ල
 උඹට කෙසේ වෙතත් අපිට නම්
 මාර වදයක් වෙන බව මට ශුවර්
 උඹලගේ තාත්ත කියනව වගේ
 පොතක් පතක් අරන් දැන්වත් හැදියන්
 
 ඉතින් මට මගේ සිත වෙනස් කරගන්නට බැරි නම්
 සිතින් මම දුරින් හිඳ පලක් නැත පෙම් කරලා
 මගෙ දිවියේ මෙතෙක් නොදුටූ අමුතු සොඳුරු
 රුවක් එක්ක මා සිත දැවටිලා
 ඇයට නොකියා ල ල ල ල ලයෙහි සඟවා
 ත ත ත ත තවත් ඉන්න බෑ ඇය දෙස බලන්","මම හැම තිස්සෙම කියන්නෙ උඹ ඔහොම හිටියොත්
 වෙන ග්‍රහයෙක් ඇවිත්
 ඇගේ සිත අරන් යනවාමයි","මම හැම තිස්සෙම කියන්නෙ උඹ ඔහොම හිටියොත්
 වෙන පෙම්වතෙක් 
 ඇයට ආදරය කරයි",වෙන ග්‍රහයෙක්,වෙන පෙම්වතෙක්,,,,
sitha saluna,සිත සැලුනා,centigradz,සෙන්ටිග්‍රේඩ්ස්,2009,Sajith Dilpahan,සජිත් දිල්පහන්,"ඇය හද ගැස්මේ සඟවා
සිහිනයකට පෙම් කරලා
දුක විතරක් තුරුලු කරන්
ඔහු යනවා ඈ සොයලා

ඇය හද ගැස්මේ සඟවා
සිහිනයකට පෙම් කරලා
දුක විතරක් තුරුලු කරන්
ඔහු යනවා ඈ සොයලා

නුඹ වේ මා හිමි කාරියේ
නුඹ වේ මා පැතු ලෝකයේ
නුඹ වේ මා දුටු සිහිනයේ
නුඹ වේ මගෙ මුලු ජීවිතේ

සිත සැලුනා නුඹ හින්දා
නෙතු හැඬුවා දුක හින්දා
සිත සැලුනා නුඹ හින්දා
නෙතු හැඬුවා දුක හින්දා

ඔය දෙතොල ආදරෙන් සිප ගන්න දැවටෙන්න
පැහැදුල් නුවන් සඟලේ මට ඉන්න ඉඩ දෙන්න
සියපතක පෙති අතරේ දැනෙන සුව විඳ ගන්න
කවදාද ඔබ එන්නේ මගෙ හිතට සැනහෙන්න

සිත සැලුනා නුඹ හින්දා
නෙතු හැඬුවා දුක හින්දා
සිත සැලුනා නුඹ හින්දා
නෙතු හැඬුවා දුක හින්දා",සිහිනයකට පෙම් කරලා,සැබෑවක් නොවන දෙයකට ආදරය කිරීම,සිහිනය,මුලාව,,,,
me tharam numba,මේ තරම් නුඹ,milin rupasinghe,මිලින් රූපසිංහ,2008,yasanath dammika bandara,යසනාත් දම්මික බණ්ඩාර,"මේ තරම් නුඹ සුවද දැයි
 නුඹ මලක් දැයි මට සිතෙයි ……
 මේ තරම් නුඹ සුමුදු ඇයි
 මල් වතක් දැයි මට සිතෙයි……..
 මේ තරම් නුඹ සිසිල ඇයි
 සඳ වතක් දැයි මට සිතෙයි ……..
 මේ තරම් නුඹ මිහිරි ඇයි
 නුඹ මගේම දැයි මට සිතෙයි….
 
 දිය සරැළි වෙරළට හාදු දෙයි
 මට වෙරළ වන්නට සිතෙයි
 
 නිල ගඟුලට දිය ඇදෙයි
 මට සයුර වන්නට සිතෙයි. ……..
 
 සඳ එළිය කදු මත තොල් තියයි
 මට කන්ද වන්නට හිතෙයි
 
 මුළු ලොවම නුඹ මුව මත තබයි
 නුඹ මගේම යැයි මට සිතෙයි. ……","සඳ එළිය කදු මත තොල් තියයි
 මට කන්ද වන්නට හිතෙයි",පෙම්වතිය සිපගැනීමට කැමති බව,සඳ එළිය කදු මත තොල් තියයි,සඳ එළිය කදු මත පතිත වේ,,,,
adare paraa yawi nam,ආදරේ පාරා යාවී නම්,bachi susan 2018,බාචි සුසාන්,2018,Shehan Galahitiyawa,ශෙහාන් ගලහිටියාව,"ආදරේ පාරා යාවිනම්
රෑ පුරා කඳුලේ මා දවා
ජිවිතේ පෑරූ කාරනා
මා සිතේ ගැඹුරේ මා දරා

සඳ හැඬුවා රෑ පුරා
හිත රිඳුනා රෑ දිවා
හිමි නොවුනා තනිවෙමි මා
එක් වෙනු බෑ යලි ඔබ හා

ආදරේ රිදවා මේ තරම්
දුක ලැබී ගලනා වේදනා
මා දරා හිඳිනා කාරණා
ඔබෙ සුවේ පතමී සැමදා

සඳ හැඬුවා රෑ පුරා
හිත රිඳුනා රෑ දිවා
හිමි නොවුනා තනිවෙමි මා
එක් වෙනු බෑ යලි ඔබ හා",සඳ හැඬුවා රෑ පුරා,දුක් වුනා සෑම විටම,හැඬුවා,දුක් වුනා,,,,
mal warusawe,මල් වරුසාවේ,kasun kalhara,කසුන් කල්හාර,2013,charith senadheera,චරිත් සේනාධීර,"මල් වරුසාවේ පාවී එන්නම්
 රෑ අදුරේ…තරු කැට අතරින්
 ඔබ එනවානම් – රැදෙන්නම් සිතේ
 සීත රැයේ තනිකම නොදැනේ…
 නිල් ආකාසේ…පාවී එන්නම්…
 පාවී එන්නම්…..
 
 පිණි දිය විසිරුනු ගං ඉවුරේ
 දිය රල බිදුනේ ගී හඩ සේ..
 ඔබ මා වූ සිහින පැලේ
 සෙනෙහේ දැනුනේ…
 මල් වරුසාවේ…පාවී එන්නම්
 පාවී එන්නම්…..
 
 මල් වරුසාවේ පාවී එන්නම්
 රෑ අදුරේ තරු කැට අතරින්
 ඔබ එනවානම් රැදෙන්නම් සිතේ
 සීත රැයේ තනිකම නොදැනේ
 නිල් ආකාසේ…පාවී එන්නම්…
 පාවී එන්නම්…","ඔබ මා වූ සිහින පැලේ
 සෙනෙහේ දැනුනේ…",ඔබ හා මම හිටිය මතක වල ලොකු ආදරයක් තිබුණි.,සිහින පැලේ,ආදර මතක හා සිතූ සිතුම්,,,,
ananthayata yana,අනන්තයට යන,kasun kalhara ft Indrachapa Liyanage,කසුන් කල්හාර ft ඉන්ද්‍රචාප ලියනගේ,2001,Charith Senadheera,චරිත් සේනාධීර,"අනන්තයට යන පාර දිගේ
අනන්තයට යන පාර දිගේ
ඇය එනවා ප්රාර්ථනාවේ
ඇය එනවා…

හරිත නිම්නයෙන් සීතල අතරින්
පිනි වැස්සේ…

අනන්තයට යන පාර දිගේ
අනන්තයට යන පාර දිගේ
ඇය එනවා ප්රාර්ථනාවේ
ඇය එනවා ප්රාර්ථනාවේ

මල් පොකුරු අරන් සීතල පිණි වැස්සේ…
මල් පොකුරු අරන් සීතල පිණි වැස්සේ…

සීතල නෑනේ අඳුරු රැයේ
මා ඇය තුරුලේ… උණුසුම දැනුනේ
ආදරයේ සිහිලේ

මල් පොකුරු අරන් සීතල පිණි වැස්සේ

හරිත නිම්නයෙන් සීතල අතරින්
පිනි වැස්සේ

අනන්තයට යන පාර දිගේ
අනන්තයට යන පාර දිගේ
ඇය එනවා ප්රාර්ථනාවේ
ඇය එනවා ප්රාර්ථනාවේ

මල් පොකුරු අරන් සීතල පිණි වැස්සේ…
මල් පොකුරු අරන් සීතල පිණි වැස්සේ…

මල් වී ගිහින් නිල් අහස් තලේ
ඈ නෙතු දැල්වේ…
සෙනෙහේ දැනුනේ. ජිවිතයේ සිහිනේ

මල් පොකුරු අරන්. සීතල පිණි වැස්සේ…

හරිත නිම්නයෙන් සීතල අතරින්
පිනි වැස්සේ

අනන්තයට යන පාර දිගේ
අනන්තයට යන පාර දිගේ
ඇය එනවා ප්රාර්ථනාවේ
ඇය එනවා ප්රාර්ථනාවේ

මල් පොකුරු අරන් සීතල පිණි වැස්සේ…
මල් පොකුරු අරන් සීතල පිණි වැස්සේ…",අනන්තයට යන පාර දිගේ,නිමනොවන ජීවිතය ගමනේ,අනන්තයට යන පාර,ජීවින ගමන,,,,
shaheena,ෂහීනා,bathiya santhush ft umara,භාතිය සහ සන්තුෂ් ft උමාරා,2009,Nilar N. Cassim,නිලාර් එන්. කාසිම්,"කෝල තාලයෙන් මූණ හංගමින් මා දිහා බලන්නී
කවුළුවෙන් එබී නෙත් කැලුම් වලින් ආදරේ කියන්නී
ආලවන්තකම් නෑ සියන් වෙතින් වසන් කර හිඳින්නී
පාත මාලයේ තාම ඉන්නේ මං අපි දුරයි රුවැත්තී

කෝල තාලයෙන් මූණ හංගමින් මා දිහා බලන්නී
කවුළුවෙන් එබී නෙත් කැලුම් වලින් ආදරේ කියන්නී
ආලවන්තකම් නෑ සියන් වෙතින් වසන් කර හිඳින්නී
පාත මාලයේ තාම ඉන්නේ මං අපි දුරයි රුවැත්තී

I like the way you look at me
I like the way you play with me

What you do to me boy

ෂහීනා ෂහීනා
සඳැල්ලේ සිදංගනාවී (That’s me)
ෂහීනා ෂහීනා
ෂහීනා සුපෙම් මනෝලී
ෂහීනා ෂහීනා
සඳැල්ලේ සිදංගනාවී

I’ll be your fantacy
What you do to me boy

ආදරේ හැඟුම් රටාවක් කරන් මෙහෙන්දී අඳින්නී
මගේ හාදකම් කල්පයක් දුරින් තියන් ඉකිබිඳින්නී
මායිමෙන් එහා පියාඹන්න තටු නැහැයි පසුතැවෙන්නී
අහස් මාලිගා හඳන් ඉන්නකම් අපි අපේ රුවැත්තී

ආදරේ හැඟුම් රටාවක් කරන් මෙහෙන්දී අඳින්නී
මගේ හාදකම් කල්පයක් දුරින් තියන් ඉකිබිඳින්නී
මායිමෙන් එහා පියාඹන්න තටු නැහැයි පසුතැවෙන්නී
අහස් මාලිගා හඳන් ඉන්නකම් අපි අපේ රුවැත්තී

I like the way you look at me
I like the way you play with me

What you do to me boy

ෂහීනා ෂහීනා
සඳැල්ලේ සිදංගනාවී (That’s me)
ෂහීනා ෂහීනා
ෂහීනා සුපෙම් මනෝලී
ෂහීනා ෂහීනා
සඳැල්ලේ සිදංගනාවී
I’ll be your fantacy
What you do to me boy

ෂහීනා ෂහීනා
සඳැල්ලේ සිදංගනාවී (That’s me)
ෂහීනා ෂහීනා
ෂහීනා සුපෙම් මනෝලී
ෂහීනා ෂහීනා
සඳැල්ලේ සිදංගනාවී
I’ll be your fantacy
What you do to me boy","පාත මාලයේ තාම ඉන්නේ මං අපි දුරයි රුවැත්තී
",අපි දෙදෙනාහගේ පවුල් අතර විශාල පරතරයක් ඇත.,පාත මාලයේ,දුරස් බව/ දුප්පත්කම,අහස් මාලිගා හඳන් ඉන්නකම් අපි අපේ රුවැත්තී,අපි දෙදෙනා එකතු වෙන එක හීනයක් පමණයි. අපේ හීනවල අපි දෙදෙනාට එකට ඉන්න පුලුවන් ඒවා බිදවැටෙන තුරු.,අහස් මාලිගා,ඉටු නොවන බලාපොරොත්තු
adambarai,ආඩම්බරයි,sureni de mel ft iraj,සුරේනි ද මෙල් ft ඉරාජ්,2012,Wasantha DukgannaRala,වසන්ත දුක්ගන්නාරාල,"ආඩම්බරයි බැලුවම නම්
හොරැහින් බලන්නෙ ඇයි එහෙනම්
කම්මුල් සිඹින්න මගෙ හොද නම්
ආලෙන් වෙලෙන්න ඇයි තහනම්

පෙම් හසරැල් ඔබ රැදුනේ – නිල් යායක රැස් වාගේ
ඔබ සිත මා තුරුලේ – නැලවුනු හැටි මගෙ මතකේ
තාමත් ඇත අද වාගේ – ඉන්නම් සැමදා ඔබගේ
සෙවනැල්ලක් වී සසරේ – අවසානය තෙක්ම හදේ

තනිකම නැතිකර සැමදා මට ලංවූවා ඔබ සෙවනේ
ඔබ සිනහව මා හදේ රැදුනේ
නෙතු දහසක් අතරින් ඔබ මා දුටුවේ
මට ලංවී කියු දෙය මතකේ තවම රැදේ

දුක සිතෙන්නේ අපටම පමණද
තව සුසුම් වල උණුසුම මොකටද
මට තියෙන්නෙ තනිකම තනියට
ඔබ සිඹින්නෙ මගෙ සිත විතරද",සෙවනැල්ලක් වී සසරේ – අවසානය තෙක්ම හදේ,ඔබේ සහකාරියවී ජීවිතයේ අවසානය තෙක්ම ඉන්නම්,සෙවනැල්ල,සහකාරිය,,,,
wikasitha adara,විකසිත ආදර,kasun kalhara,කසුන් කල්හාර,2014,unknown,නොදනී,"සිහින දූවක ආදරේ පිරැණු උණුහුම් දෑසම හමුවන තුරා
 ජීවිතේ පියගැට පෙල ලඟ…
 විකසිත ආදර ප්‍රාර්ථනා…
 රම්‍ය වන අරණක ඔත් කුසුමක පවා හමනා,
 සදාදරණිය සුවඳමයි,
 සුහුඹුල් ආදර ප්‍රාර්ථනා…
 
 උදා තරැවක් ඇහැරවන
 අරැණු ගීයක පවා ගැයෙනා
 සදාතනික මිහිරියාවයි
 සුහුඹුල් ආදර ප්‍රාර්ථනා…
 
 සිහින දූවක ආදරේ පිරැණු උණුහුම් දෑසම හමුවන තුරා
 ජීවිතේ පියගැට පෙල ලඟ…
 විකසිත ආදර ප්‍රාර්ථනා…
 රම්‍ය වන අරණක ඔත් කුසුමක පවා හමනා,
 සදාදරණිය සුවඳමයි,
 සුහුඹුල් ආදර ප්‍රාර්ථනා…","ජීවිතේ පියගැට පෙල ලඟ…
 විකසිත ආදර ප්‍රාර්ථනා…",ජීවිතයේ හදවතින්ම සිතූ ආදර ප්‍රර්ථනා,පියගැටපෙළ,ජීවිතය,,,,
sanda panak se awidin,සද පානක් සේ ඇව්දින්,samitha mudunkotuwa & athula adhikari,සමිතා මුදුන්කොටුව සහ අතුල අදිකාරී,2014,Athula Adhikari,අතුල අදිකාරී,"හඳ පානක් සේ ඇවිදින් ගම්මානෙන් මේ නගරෙට
හඳ පානක් සේ ඇවිදින්
ගංගාවක් තරමට සිහිලස පිදුවයි නුඹ මා හට
නෙත් දාහක් පසු කර විත් මට හිමි දෙනුවන දුටු විට
හඳ පානක් වූයේ නුඹ නොවෙදෝ මා සිත් අහසට…..

දූවිලි හුළඟින් පිරුණත් ඉපදුන නගරේ
මට නුපුරුදු ගමට එන්න බෑ – මේ නගරය අත්හරින්න බෑ
මගෙ උරුමය රැඳුනත් මා ලද ගම් පියසේ
මේ නගරයේ කූඩු වෙන්න බෑ – ගම්මානය අත්හරින්න බෑ

අප දෙන්නා මුණ ගැස්වූ මේ මහ නගරේ
අතැර නුඹට ගමට යන්න බෑ – මේ නගරය අත්හරින්න බෑ
මගේ සිතෙන් නුඹ සිතනා මතු යම් දවසේ
මේ නගරේ පාළු වෙන්නෙ නෑ – මං තනියෙන් ගමට යන්නෙ නෑ

හඳ පානක් සේ ඇවිදින් ගම්මානෙන් මේ නගරෙට
ගංගාවක් තරමට සිහිලස පිදුවයි නුඹ මා හට
නෙත් දාහක් පසු කර විත් මට හිමි දෙනුවන දුටු විට
හඳ පානක් වූයේ නුඹ නොවෙදෝ මා සිත් අහසට","නෙත් දාහක් පසු කර විත් මට හිමි දෙනුවන දුටු විට
හඳ පානක් වූයේ නුඹ නොවෙදෝ මා සිත් අහසට",හිමි කෙනා ලැබුනු විට ජීවිතයම ආලෝකමත් වන බව,හඳ පාන,ආලෝකය,,,,
senehe ammage,සෙනෙහේ අම්මාගේ,nirosha virajini ft kasun kalhara ft umariya sinhawansa ft shihan mihiranga,"නිරෝෂා විරාජිනී , කසුන් කල්හාර , උමාරියා සිංහවංස ,ශිහාන් මිහිරංග",2014,thusitha ruwan bandara,තුසිත රුවන් බණ්ඩාර,"සතුටින් ඉතිරී සෙනෙහේ මිහිරී
 අහසේ හිරු සේ අම්මා නිවසේ
 සුව සැදූ හිරු සඳූ අප හැම ළං කෙරූ
 සෙනෙහේ අම්මාගේ
 
 රැහැනින් සිඳිලා ඇකයෙන් මිදිලා
 මව්ගෙන් බෙදිලා නභිනික්මන් කළත්
 නොපෙනෙනා ආදරේ පවුරකින් බැඳිලා
 සෙනෙහේ අම්මාගේ
 
 සිතැඟි හඳුනා හරි දේ පෙන්වා
 වරදින් මුදවා ඔවදන් දුන්නා
 නොපෙනෙනා ආදරේ පවුරකින් බැඳිලා
 සෙනෙහේ අම්මාගේ…
 
 සතුටින් ඉතිරී සෙනෙහේ මිහිරී
 අහසේ හිරු සේ අම්මා නිවසේ
 සුව සැදූ හිරු සඳූ අප හැම ළං කෙරූ
 සෙනෙහේ අම්මාගේ","සුව සැදූ හිරු සඳූ අප හැම ළං කෙරූ
 සෙනෙහේ අම්මාගේ",සෑමවෙලේහිම අපව සතුටින් සැපයෙන් තැබූ අම්මාගේ සෙනෙහස,සුව සැදූ හිරු සඳූ,අම්මා,,,,
tharu katayak wee,තරු කැටයක් වී,kasun kalhara,කසුන් කල්හාර,2001,romen mendis,රෝමෙන් මෙන්ඩිස්,"තරු කැටයක් වී රෑ අහසේ දිලෙනා
 ඔබ එන මඟ සරසන්නම් දිවිය වෙලා…
 පිණිදිය වැටෙනා සැන්දෑ අහස වෙලා
 ඔබ එනවා නම් ඒ තනිකම හැරදා…
 ඒ තනිකම හැරදා…
 
 තරු කැටයක් වී රෑ අහසේ දිලෙනා
 ඔබ එන මඟ සරසන්නම් දිවිය වෙලා…
 පිණිදිය වැටෙනා සැන්දෑ අහස වෙලා
 ඔබ එනවා නම් ඒ තනිකම හැරදා…
 ඒ තනිකම හැරදා…
 
 පිණිදිය වැටෙනා සැන්දෑ අහස වෙලා
 හිරු අවරේ ගිලෙනා තරුව වෙලා…
 ඔබේ… ජීවිතේ…
 ඔබේ… ජීවිතේ…","තරු කැටයක් වී රෑ අහසේ දිලෙනා
 ඔබ එන මඟ සරසන්නම් දිවිය වෙලා…",ඔබගේ ජීවිතය ලස්සන කරනෙමි,තරු කැටයක් වී,ජිවිතයට අලංකාරය වී,,,,
sihina paye,සිහින පායේ,pradeep rangana,ප්‍රදීප් රංගන,2009,Unknown,Unknown,"සිහින පායේ මනමාලි මගේ
එන්න ආයේ මේ රාත්‍රි යාමේ
ස්වප්න කිඳුරංගනා
දිනිඳු පායා නැගෙනා තුරා
මා දෑසේ සැතපී ඔය ඉන්නවා ව්‍යාංගනා

හිමකු අරනේ සීත යාමේ ලංවෙලා දෙන්නා
ඈත අහසේ තාරුකා මල් ගනිමු අපි දෙන්නා
ඔබ මගේ විජිතයේ මෙහෙසිදෝ මතුදා

සිහින පායේ මනමාලි මගේ
එන්න ආයේ මේ රාත්‍රි යාමේ
ස්වප්න කිඳුරංගනා
දිනිඳු පායා නැගෙනා තුරා
මා දෑසේ සැතපී ඔය ඉන්නවා ව්‍යාංගනා

ඔබේ දෙනෙතේ කඳුළු පොකුණේ සැඟවිලා හිඳිමී
ඔබේ දෙනෙතේ ඊට පස්සේ මගේ ලොව දකිමී
සඳවතී ඔබ මගේ ජීවිතේ පමණි

සිහින පායේ මනමාලි මගේ
එන්න ආයේ මේ රාත්‍රි යාමේ
ස්වප්න කිඳුරංගනා
දිනිඳු පායා නැගෙනා තුරා
මා දෑසේ සැතපී ඔය ඉන්නවා ව්‍යාංගනා",ඔබ මගේ විජිතයේ මෙහෙසිදෝ මතුදා,ඔබ මගේ ජීවිතයේ අනාගත බිරිදද,විජිතයේ,ජීවිතය,,,,
sinhayo,සිංහයෝ,indrachapa liyanage,ඉන්ද්‍රචාප ලියනගේ,2012,unknown,නොදනී,"ජය ටැඹ කරා අභිමන් හොවා විරුවන් ලෙසින් ඇදෙනා
 රූප තෙද විදා සුරැකුම් දරා සිංහයන් නමින් දිව්රා
 රන් රුවන් බැඳී අසිපතක් ගෙන මුළු ලෝකයක් පරදා
 සියවරක් නොව දසවරක් තව මේ දේශයම දිනවා
 
 සිංහයෝ සිංහයෝ
 සිංහයෝ සිංහයෝ
 සිංහයෝ සිංහයෝ
 සිංහයෝ සිංහයෝ
 
 නිලඹර පුරා ඇඳි රූ රටා මැව් ජය ගී අද නුඹේ
 වංකගිරියෙන් හමන සුළඟේ රැඳුනු ගී අද නුඹේ
 අසනී වැසි හඬගා හඬද්දී පෑයූ රන් හිරු සේ
 නුඹේ නමින් මේ යදින්නේ ජය පත දේශයේ
 
 දේශයේ ජය කොඩි දරා මේ සක් සියක් දෙනා
 ඔද වැඩුවද සන්තොසින් සෙනවියන් නුඹ රකින
 සිංහයන් නම් පෙළහරින් නෙක හරඹයන් මවලා
 සකි සඳේ පවසම් මෙසේ දිනවමි අපේ ලංකා…","රන් රුවන් බැඳී අසිපතක් ගෙන මුළු ලෝකයක් පරදා
 සියවරක් නොව දසවරක් තව මේ දේශයම දිනවා","විශාල ජවයකින් හා ශක්තියකින්, මුලු ලෝකයෙන්ම කීපවතාවක්ම දිනුම ලබා මේ දේශය දිනවන්න",රන් රුවන් බැඳී අසිපතක්,විශාල ජවයකින් හා ශක්තියකින්,,,,
piyamanne,පියමැන්නේ,jaya sri,ජය ශ්‍රී,2010,unknown,නොදනී,"පියමැන්නේ ඇයිද එසේ
 රිදවාලා ඔබ ම සිත මෙසේ
 දුර ගව්වේ මා ඉන්නේ
 මතකේ රැඳුණා ඒ සිතුවිල්ලේ
 සෙවණැළි මාවතේ ඇඳි ඒ ජීවිතේ
 රැළි මත සාගරේ
 මතුවේවා සදා ඒ සිහිනේ
 
 සියුමැළි ඔබේ වත රැඳි ඒ දෙකොපුල කී කතා
 ඇසේ සවන් පුරවා මගේ දැහැනේ
 අත් වැල් බැඳගෙන වැල්ලේ ඇඳි ඒ රූ රටා
 මැකී ගියා රැල්ලේ නිසළ රැයේ
 
 සිත ගත්තේ නැතුව නොවේ
 සැමදා එලෙස බලා ඇයි ඉන්නේ
 හද අරණේ රැඳුණු සෙනේ
 පුබුදා සොයනු මැනේ හසරැල්ලේ
 නැතුවත් මේ භවේ මතු එන ජිවිතේ
 සැමදා ඒ සෙනේ
 සතු වේවා සදා ළඳුනේ
 
 සියුමැළි ඔබේ වත රැඳි ඒ දෙකොපුල කී කතා
 ඇසේ සවන් පුරවා මගේ දැහැනේ
 අත් වැල් බැඳගෙන වැල්ලේ ඇඳි ඒ රූ රටා
 මැකී ගියා රැල්ලේ නිසළ රැයේ
 
 සියුමැළි ඔබේ වත රැඳි ඒ දෙකොපුල කී කතා
 ඇසේ සවන් පුරවා මගේ දැහැනේ
 අත් වැල් බැඳගෙන වැල්ලේ ඇඳි ඒ රූ රටා
 මැකී ගියා රැල්ලේ නිසළ රැයේ …","අත් වැල් බැඳගෙන වැල්ලේ ඇඳි ඒ රූ රටා
 මැකී ගියා රැල්ලේ නිසළ රැයේ",එකට සිටිනා කාලයේ බලාපොරොත්තු වූ දේවල් කරගත නොහැකිව ගියා,වැල්ලේ ඇඳි ඒ රූ රටා මැකී ගියා රැල්ලේ නිසළ රැයේ,බලාපොරොත්තු වූ දේවල් කරගත නොහැකිව ගියා,,,,
waren yanna,වරෙන් යන්න,daddy,ඩැඩී,2013,daddy,ඩැඩී,"වරෙන් යන්න අපිත් එක්ක
කන්න බොන්න හිනාවෙන්න
බයිලා නැත්තම් හිප්හොප් කියන්නම්
ඔළුවෙන් හිටගෙනම

සතයක් වත් නැතිව නොමිලේ,
හොදට හිනාවෙන්න
සල්ලි කියා තම මල්ලි මරාගෙන
රණ්ඩු කරාගෙන ජීවත් වුන අය
ගැන ඇහුවා – දැන ගන්තා – කල කිරුණා

බඩට ගැහුවෙ කවුද – ඔරවන්නේ මොකද
චණ්ඩි කියාගෙන – ගැන්සි හදාගෙන – සද්ද දමාගෙන
දත්නැතිව බත් කාපු අය දැකල දුක හිතුනා
පරක්කු නෑ තවම – හිත හදාගන්න බැරිද
වරක් කිව්වා හොද සැපක් ඕනෙ නම්
බකන් නිලන් මොකද..

ඩෙනිම් ඇදන් ජෙල් ගා ගන්න
සාක්කු වල මොනරු ගේන්න
YES පහයි NO තුනකුයි ඇති
කෙල්ලෙක් දා ගන්න

ජීවත් වෙන්න – ජීවය මෙන්න

කදුළු පුරවාගෙන‍ – දවසම අඩන්නේ මොකටද
බොක්කෙන්ම ලව් කරලා – බැනල බෙර ගහල
ලොවට පෙන්නාපු කෙල්ලො
හලපු පොරවල් දැක්කා
තැන් තැන්වල පච වෙනවා

වැරැද්ද කාගේද – නීතිය අපි කාටත් එකද
ජාති ජන්ම කුල බේද පටලවපු අපේම සමහරු
සුදු ඇදුම ඇදගෙන – අසරණයට දඩුවම් කෙරුවා
පරක්කු නෑ තවම – අපිට වෙනස් වෙන්න බැරිද
වරක් කිව්වා හොද සැපක් ඕනෙ නම්
බකන් නිලන් මොකද

ජීවත් වෙන්න
මෙන්න මගෙ අත ගන්න
විදින්න ආදරේ ලබන්න
ආදරේ කරන්න
ඉතින්, වරක් කිව්ව හොද සැපක් අරන්
හෙට මැරිල ගියත් මොකද

වරෙන් යන්න අපිත් එක්ක
බැරිනම් ගෙදරට වෙල ඉන්න
බැනුම් අහල මදි වගෙ නම්
ගෑනුන්ගෙන් ගුටි කන්න..
(කව්ද කිව්වෙ)
ඩෙනිම් ඇදන් ජෙල් ගා ගන්න
සාක්කු වල මොනරු ගේන්න
YES පහයි NO තුනකුයි ඇති
කෙල්ලෙක් දා ගන්න",සාක්කු වල මොනරු ගේන්න,සාක්කුවල සල්ලි දාගෙන යන්න,මොනරු,සල්ලි/මුදල්,,,,
maa haa,මා හා,daddy,ඩැඩී,2010,daddy,ඩැඩී,"නෙත පෙරුම් පුරා එදා
 ඔබ දකින්න සැරසුනා
 හදේ කොනක නොරැදුනත් ඔයා
 නොදැක ඉන්න බැරි උනා
 
 නෙත පෙරුම් පුරා එදා
 ඔබ දකින්න සැරසුනා
 හදේ කොනක නොරැදුනත් ඔයා
 නොදැක ඉන්න බැරි උනා
 
 සිත පතන්නේ ඒ ඔබයි
 මට පෙනෙන්නේ ඒ රුවයි
 මට ඇසෙන්නේ ඒ හඩයි
 හදවතින්ම ඔබ මගෙයි
 
 නෙත පෙරුම් පුරා එදා
 ඔබ දකින්න සැරසුනා
 හදේ කොනක නොරැදුනත් ඔයා
 නොදැක ඉන්න බැරි උනා
 
 මම හඬන්නේ ඔබ නිසයි
 ඔබ කොහෙද මා සොයයි
 හමුනොවේවිදැයි බයයි
 ඔබ මගේමදැයි සිතෙයි
 
 නෙත පෙරුම් පුරා එදා
 ඔබ දකින්න සැරසුනා
 හදේ කොනක නොරැදුනත් ඔයා
 නොදැක ඉන්න බැරි උනා","නොසිතන් මිතුරියෙ දියට බහින්නට
 ආශා ගඟුලේ කිමිද ගිලෙන්නට",කාම ආශාවක් සපුරා ගැනීමට උත්සාහ නොකරන ලෙස තම මිතුරියට අනතුරු අගවයි,ආශා ගඟුලේ,කාම ආශාවක් සපුරා ගැනීමක්,දෑස් අගින් මුමුණන්නට එපා,ඇස් වලින් ඉගි ලබා නොදෙන ලෙස ඉල්ලයි,දෑස් අගින් මුමුණන්නට,ඇස් වලින් ඉගියක් ලබා දීම
sundariye,සුන්දරියේ,jaya sri,ජය ශ්‍රී,2002,rohitha jayalath,රෝහිත ජයලත්,"සුන්දරියේ, ගෝමරියේ ….
 ඔබේ නෙතෙන් කතා කල හැට්
 මට මතක තියේ
 
 සුන්දරියේ, ගෝමරියේ ….
 ඔබේ නෙතෙන් කතා කල හැට්
 මට මතක තියේ
 
 සුන්දරියේ, බෝදිනියේ….
 මගේ සිතේ ඔබේ සේයා රූ තවම තිබේ ….
 
 වනේ පිපුන උඩවැඩියා මල, සුවඳ විහිද වන්නේ
 දොලේ පැනා නා හැටි දැක ,මගේ සිතේ ඇළුම් බැදුනේ
 ඔබ ගැයු ගීත සවනේ රැවූ දේ …..
 ඔබ රැගුම් මගේ දෙනෙතේ සිතුවම් බැදුනේ
 මගේ සිතේ පැතුම් කවදා යලි ඔබ හමුවේ…..
 
 සුන්දරියේ, ගෝමරියේ ….
 ඔබේ නෙතෙන් කතා කල හැට්
 මට මතක තියේ
 සුන්දරියේ, බෝදිනියේ….
 මගේ සිතේ ඔබේ සේයා රූ තවම තිබේ
 
 සිදාදියෙන් ආ නගරන් බච්චෝ
 කැළෑ පොජ්ජ .බොට නැ බට්ටිචෝ
 ලෙන්ගතුකම් දෙම්මොත් නළු බට්ටෝ
 ඉළ අට කුඩුව කඩනවා කජ්ජෝ
 මම කදිරන් දෙන ගන්න කයිචන් ඩෝ
 ගෝමරි පැටික්කි මගේ පන සොක්කෝ
 පංකාදු කෙරුවේයි ගොබිලයි ලොක්කෝ
 අ අත බලන් ලොක්ක මන්ගච්චෝ
 
 උබිල වැදී නායකගේ දු බව මමත් දැනුයි දන්නේ
 කදිරගේ ගේ ඇත ගන්නට ඉන්නා වනයේ වැදී මොහිනියේ…
 ඔබේ වනයට පිපිලා වනයම බර වන්නේ
 මට නගරේ ඔබ වෙනි අය නැහැ හමුවන්නේ
 මතු ජීවිතයේ හමුවන්නට පෙතුමන්නේ…
 
 සුන්දරියේ, ගෝමරියේ ….
 ඔබේ නෙතෙන් කතා කල හැට්
 මට මතක තියේ
 සුන්දරියේ, බෝදිනියේ….
 මගේ සිතේ ඔබේ සේයා රූ තවම තිබේ","වනේ පිපුන උඩවැඩියා මල, සුවඳ විහිද වන්නේ",ගැමි රූමත් ලඳ ගමටම සිරියාවක්,වනේ පිපුන උඩවැඩියා මල,ගැමි රූමත් ලඳ,,,,
paramitha,පාරමිතා,shashika nisansala,ශානිකා නිසංසලා,2015,Lalith Wasantha,ලලිත් වසන්ත,"පාරමිතා නොපුරමු අප දෙදෙනා
මතු මතු සංසාරේ
පාන සිනා සුළඟට විසිකරමු
හමුවෙන හැම වාරේ

පාරමිතා නොපුරමු අප දෙදෙනා
මතු මතු සංසාරේ
පාන සිනා සුළඟට විසිකරමු
හමුවෙන හැම වාරේ

කඳුළු වලින් දියවී යනවා නම්
අවිහිංසක රූපේ
දෝරේ ගලන තුරු කඳුළු හලන්නම්
මට ඔබ නොපෙනෙන සේ

පාරමිතා නොපුරමු අප දෙදෙනා
මතු මතු සංසාරේ
පාන සිනා සුළඟට විසිකරමු
හමුවෙන හැම වාරේ

මට ඔබ, ඔබ මට පෙම්කල තරමට
වෙන්වී යන්න බැරී
අසම්මතේ පෙම්වතුන් නොවෙමු අපි
වරදට වහල් වෙවී","පාරමිතා නොපුරමු අප දෙදෙනා
මතු මතු සංසාරේ",නැවත ආදරය නොකරමු,පාරමිතා,ආදරය,,,,
mal madahasa,මල් මදහාස,"randhir ft bathiya ,umariya","රන්දීර් , බාතිය ,උමාරියා",2013,chandradasa fernando,චන්ද්‍රදාස ප්‍රනාන්දු,"ඉයොව්වේ…..ඉයොව්වේ හො
 හාමු මහත්තයා හො
 ඉයොව්වේ ඕ හො හො
 
 ඉයොව්වේ…..ඉයොව්වේ හො
 හාමු මහත්තයා හො
 ඉයොව්වේ ඕ හො හො
 
 මල් මදහාස පීදෙනා
 නිල් නෙතු ඈගෙ වාසනා
 සෙනෙහස පෑවා ළං වීලා… හා හා
 
 දුටුවම දෑස පෑ සිනා
 හද රැඳි සෝක වේදනා
 සැනෙකින් යාවි හැංගීලා
 
 ඇය මගෙ ජීවෙ පෙම් ලෝකේ
 එක මග ආවේ සංසාරේ
 නිදැල්ලේ සරන්නේ මා.. හා
 වසන්තේ පෙමින් ළං වීලා
 
 මල් මදහාස පීදෙනා
 නිල් නෙතු ඈගෙ වාසනා
 සෙනෙහස පෑවා ළං වීලා… හා හා
 දුටුවම දෑස පෑ සිනා
 හද රැඳි සෝක වේදනා
 සැනෙකින් යාවි හැංගීලා
 
 රුව දැක ඈගෙ මල් වාරේ
 බඹරුන් ඒවි සංචාරේ
 ගයන්නේ රඟන්නේ ඈ හා
 බිඟුන් ඒ රුවින් මත් වීලා
 
 මල් මදහාස පීදෙනා
 නිල් නෙතු ඈගෙ වාසනා
 සෙනෙහස පෑවා ළං වීලා… හා හා
 දුටුවම දෑස පෑ සිනා
 හද රැඳි සෝක වේදනා
 සැනෙකින් යාවි හැංගීලා
 
 ඉයොව්වේ…..ඉයොව්වේ හො
 හාමු මහත්තයා හො
 ඉයොව්වේ ඕ හො හො
 
 ඉයොව්වේ…..ඉයොව්වේ හො
 හාමු මහත්තයා හො
 ඉයොව්වේ ඕ හො හො","දුටුවම දෑස පෑ සිනා
 හද රැඳි සෝක වේදනා
 සැනෙකින් යාවි හැංගීලා",ඔබ ආදරයෙන් මදෙස බලා සිටි බව මම දුටු විට සිතේ ඇති සෝක දුක් සියල්ල නැතිවී යයි,දෑස පෑ සිනා,ආදර බැල්ම,,,,
oba na ada,ඔබ නෑ අද,bathiya santhush,භාතිය සහ සන්තුෂ්,2000,Chandima Lakmali,චන්දිමා ලක්මාලි,"ඔබ නෑ අද මා ලගින් ඉන්නේ
මාගේ හිත නැවතිලා
අයිදෝ මේ ලෙසින් රිදවන්නේ
නෑ මා ඔබ රිදවලා

මා ඔබ වෙනුවෙන ජිවත්වෙලා
ලගින්ම ඉන්නට හිත හිතා
මා හැරදා ඔබ දැන් වෙන්වෙලා
ඇයි ගියේ මේ වගේ වෙන්වෙලා

ඔබ ඔහු තුරුලේ ඉන්න වෙලේ
ම දවනා ගිනිදැල් ඇත හදවතේ
නොපෙනේද ඔබ හට කුමරියේ
මේ වේදනාව මට රිදවනා

ඔබ නෑ අද මා ලගින් ඉන්නේ
මාගේ හිත නැවතිලා
අයිදෝ මේ ලෙසින් රිදවන්නේ
නෑ මා ඔබ රිදවලා

ඔබ නෑ අද මා ලගින් ඉන්නේ
මාගේ හිත නැවතිලා
අයිදෝ මේ ලෙසින් රිදවන්නේ
නෑ මා ඔබ රිදවලා

ඔබ නෑ
මගේ ලගින්
ඔබ නෑ අද මා ලගින් ඉන්නේ
මාගේ හිත නැවතිලා

මම ඉන්නවා ඔබ එනතුරු නැවතිලා
සුළගක් වෙලා පලක් නැ ජිවත් වෙලා
ඔබ නැති වෙලා මට ඔබ නැතිවෙලා

මා ඔබ වෙනුවෙන ජිවත්වෙලා
ලගින්ම ඉන්නට හිත හිතා
මා හැරදා ඔබ දැන් වෙන්වෙලා
ඇයි ගියේ මේ වගේ වෙන්වෙලා

ඔබ නෑ අද මා ලගින් ඉන්නේ
මාගේ හිත නැවතිලා
අයිදෝ මේ ලෙසින් රිදවන්නේ
නෑ මා ඔබ රිදවලා

ඔබ නෑ අද මා ලගින් ඉන්නේ
මාගේ හිත නැවතිලා
අයිදෝ මේ ලෙසින් රිදවන්නේ
නෑ මා ඔබ රිදවලා

ඔබ නෑ අද මා ලගින් ඉන්නේ
මාගේ හිත නැවතිලා
අයිදෝ මේ ලෙසින් රිදවන්නේ
නෑ මා ඔබ රිදවලා","ම දවනා ගිනිදැල් ඇත හදවතේ
නොපෙනේද ඔබ හට කුමරියේ",මාව වේදනාවට පත් කරන මගේ හදවතට දැනෙන දේවල් ඔයාට පේන්නැද්ද,දවනා ගිනිදැල්,වේදනාවට පත් කරන දේවල්,,,,
Supun Sanda Payala ne,සුපුන් සඳ පායලා නෑ,Paul Fernando,පෝල් ප්‍රනාන්දු,2006,Unknown,Unknown,"සුපුන් සඳ පායලා නෑ
අහසේ රන් තරු දිලෙන්නේ නෑ
ඔබේ ගී හඬ ඇසෙන්නේ නෑ
සවන් පිනවන්නේ නෑ
සුවඳ ඇති මල සතු වෙලා
සිටි මහද මැලවිලා
මව්පියෝ කී බස අසාලා
ඇයිදෝ ගියේ මා දා
සුවඳ ඇති මල සතු වෙලා
සිටි මහද මැලවිලා
මව්පියෝ කී බස අසාලා
ඇයිදෝ ගියේ මා දා
සුපුන් සඳ පායලා නෑ
අහසේ රන් තරු දිලෙන්නේ නෑ
ඔබේ ගී හඬ ඇසෙන්නේ නෑ
සවන් පිනවන්නේ නෑ
දිළිඳුකම මා පරදලා
තිබු මැණික නැති කළා
සදා අඳුරේ ගිල්වලා
සිටියේ ඇයිද බලා
දිළිඳුකම මා පරදලා
තිබු මැණික නැති කළා
සදා අඳුරේ ගිල්වලා
සිටියේ ඇයිද බලා
සුපුන් සඳ පායලා නෑ
අහසේ රන් තරු දිලෙන්නේ නෑ
ඔබේ ගී හඬ ඇසෙන්නේ නෑ
සවන් පිනවන්නේ නෑ",ඔබේ ගී හඬ ඇසෙන්නේ නෑ,ඔබ මගේ ජීවිතයෙන් ගොඩක් දුරස් වී ඇත,ගී හඬ,කටහඬ,,,,
a kale,ඒ කාලේ,k mac ft iraj,කේ මැක් ft ඉරාජ්,2015,Iraj & Indika Wickramaratne,"ඉරාජ්, ඉන්දික වික්‍රමරත්න","ආයුබෝවන් සුබ උදෑසනක් සැමටම
ස්තුතියි දෙවියනි ලැබුනේ නැතත් මට හැමදේම
ජීවිතේ සාදයක්නම් කවුද මැව්වේ තැබෑරුම
මේක මගේ කතාව අද තමයි සැමරුම

කාලේ මට කියලා දුන්නු දේවල් වටි මසුරන්
මම පරන ඉස්කෝලේ කෝ දැන් ඒ මිතුරන්
කොළඹ නගරේ ඕන දෙයක් අදටත් නෑනේ සතුරන්
කැපවීම ලිව්වේ නැකත යන්න කිරි උතුරන්

පටන් ගැන්ම දුෂ්කරයි අද දවස ලස්සනයි
පාරේ යද්දි ගන්නවා මගේ පින්තූරෙයි අත්සනයි
උඩ ගියේ නෑ මම තාමත් ඉන්නේ පොළොවේ
නිහතමානි වෙයන් ඉපදුනත් රජ මැදුරේ

ඒ කාලයේ ඒ කාලයේ තනිව වීදියේ
ඒ කාලයේ ඒ කාලයේ වින්ද දුක දැනේ
ඒ කාලයේ ඒ කාලයේ ලීව ගීතයේ
ඒ කාලයේ ඒ කාලයේ සතුට මට දැනේ

නවත්තපු තැනින් පටන් ගන්නම් කතාව
ආවා ආයෙත් ඉරාජ් එක්ක මේක දෙවනි වතාව
පොඩි කාලේ ඉඳන් තිබ්බ එකම ආසාව
හරිම දේ හරිම විදියට හරිම වෙලාව

හඳ බැසගියත් ඉර පායලා එළිය දුන්නා
දෙයක් නැති උනත් තව දෙයක් මට දෙයියෝ දුන්නා
මම සැලුන්නෑ මම වැටුන්නෑ මං ආයෙත් දින්නා
ලංකාව මට සැපයි කොළඹ තමයි ඉන්න ඕනා

හැමදාම ජීවිතේ සැප නෑනේ රැඳෙන්නේ
තාත්තා එදා ඇන්න ටොක්ක තාමත් තරු පෙනෙන්නේ
සල්ලි නෙමෙයි හැමදේම මනුස්සකමයි වටින්නේ
තේරුම්ගත්තා මම ඇත්ත කවදාහරි දිනන්නේ

ඒ කාලයේ ඒ කාලයේ තනිව වීදියේ
ඒ කාලයේ ඒ කාලයේ වින්ද දුක දැනේ
ඒ කාලයේ ඒ කාලයේ ලීව ගීතයේ
ඒ කාලයේ ඒ කාලයේ සතුට මට දැනේ

අපි ආවේ ගේමක් දීලා යාළු මුඩුක්කුවෙන් එළියට
එදා කඩප්පුලි අද කොල්ලෝ වස අහසට
මතකද වැලිකඩ මතකද පොලිසිය
අලුත් මූණු ගොඩයි අද 44 කල්ලිය

නවතින්නේ නෑනේ මේක හෙළ රැප් සාදේ
සෙට් වෙමු ආයෙත් අපි ඊළඟ සමාජේ
මම ඉන්නේ සැපේ යාළු එපා බොරු වාදේ
රජවරු දෙවිවරු ඉලුමනාදේ

අවසාන පිටුව ලියන්නම් රන් අකුරෙන්
මනුසතා කියලා දුන්නේ කතාව ධර්මෙන්
සාමදානෙන් ඉමු ඈත්වෙලා අපි වෛරෙන්
සුබ රාත්රියක් කියලා සමුගන්නම් සතුටෙන්

ඒ කාලේ ඒ කාලේ මට මතකයි හැමදේම අද වාගේ
ඒ කාලේ ඒ කාලේ එන්නේ නැහැ ආයේ කවදාවත් ඒ කාලේ

ඒ කාලයේ ඒ කාලයේ තනිව වීදියේ
ඒ කාලයේ ඒ කාලයේ වින්ද දුක දැනේ
ඒ කාලයේ ඒ කාලයේ ලීව ගීතයේ
ඒ කාලයේ ඒ කාලයේ සතුට මට දැනේ

මට මතකයි හැමදේම අද වාගේ ඒ කාලේ ඒ කාලේ
මට මතකයි හැමදේම අද වාගේ ඒ කාලේ ඒ කාලේ",කැපවීම ලිව්වේ නැකත යන්න කිරි උතුරන්,කැපවීම නිස විශාල දියුනුවක් ලබා ගන්න පුලුවන් උනා,කිරි,දියුනුව,,,,
himi nowuna nethu adunu,හිමි නොවුන නෙතු ඇඳුනු,bachi susan,බාචි සුසාන්,2015,Kasun Primal,කසුන් ප්‍රිමාල්,"හිමි නොවුන නෙතු ඇඳුනු සිතුවම් අරන්..
සුසුමක් පුරා හෙව්වෙ ඔය නිල් නුවන්..
කඳුලකට අත වනන හදවත කොනින්..
මොහොතක් කියා දෙන්න හිනැහෙන වරම්..

බෑ මෙහෙම විදගන්න තනියෙන්ම දුක හිරකරන්..
මට හරිම පාළුයි මගේ රත්තරන්..
බෑ මෙහෙම විදගන්න තනියෙන්ම දුක හිරකරන්..
මට හරිම පාළුයි මගේ රත්තරන්..

හුරතල් වෙවී කනට කෙදිරූ වදන්..
මගෙ හිතම පිරවූ එදා..
එක වචනයක් වත් කියන්නට තරම්..
හිත දෙන්නෙ නැතිවද මෙදා..

ආ..දරෙන් දෑත අල්ලන්..
අපි එදා උන්නු සෙනෙහේ නමින්..
සිනහවී ඉන්න දැන්වත්
ඇයි ඔයා ඉන්නේ නෙතුකැන් පියන්..",හිමි නොවුන නෙතු ඇඳුනු සිතුවම් අරන්,හිමි නොවූ කලින් දුටු දේවල් වල මතක අරගෙන,නෙතු ඇඳුනු සිතුවම්,කලින් දැක ඇති දර්ශන,,,,
sundara duma duma na,සුන්දර දුම් දුමනා,chamara weerasinghe,චාමර වීරසිංහ,2015,Unknown,Unknown,"සුන්දර දුම දුම නා සුදු දුන්හිඳ දේවි
පෙම්බර නුමුණකුලට පෙම් කවි ගොතනා
නුඹදෝ ප්‍රේමවන්තී සිහිලැල් ගී පද සලනා
නුඹදෝ ප්‍රේමවන්තී සිහිලැල් ගී පද සලනා

පුන්සඳ මුණේ එළිය ගෙන සඟවා
චන්දන අරටු වනේ සිසිලස රැගෙනා
ඉමිහිරි බෙලි මල් රස පැන් ඔසු දෙවනා
හිත නලව ගන්න එන පිරිසට
හිත නලව ගන්න එන පිරිසට
මිහිරිම කවි පද කියනා
නුඹදෝ සොබා දෙව්ලී ගහ කොළ මල් ඵල මවනා
නුඹදෝ සොබා දෙව්ලී ගහ කොළ මල් ඵල මවනා

කිරි සුදු බදුලු ඔයෙන් හසරැලි ගේනා
මීහිදුම් සළුවෙන් හිස ඔලි එලි බඳිනා
දහඩිය මුතුමල් ඉහිරුණු බිම වඳිනා
වට වන්දනාවේ එන නඩේට
වට වන්දනාවේ එන නඩේට
සියපත් ඔබ හාද වුණා
නුඹදෝ සුරලිය මුතියංගණ ගුණ වඳනා
නුඹදෝ සුරලිය මුතියංගණ ගුණ වඳනා",කිරි සුදු බදුලු ඔයෙන් හසරැලි ගේනා,බදුලු ඔයෙන් ජල පෝශනය වන,හසරැලි,ජලය,,,,
amawakata atha wanana,අමාවකට අත වනනා,chamara weerasinghe,චාමර වීරසිංහ,2012,Kawikeerthi thero,කවිකීර්ති හිමි,"අමාවකට අතවනනා පිච්චමලී
ලමැද නුඹේ කිරි පුසුඹෙන් සිත කැළඹී
පිච්ච පතට පැණි පෙරලා බොන යාමේ
පිච්ච මලට පැණි ඉහුනද සංකාවේ
පිච්ච මලට පැණි ඉහුනද සංකාවේ

ලමැද හොවා හද සෙනෙහස දුන්නාට
කුමක් කරන්නද සමනල් හිනාවට
දෑත දිගු කරන්නට බෑ නුඹෙ ලොවට
වරද මගෙන් සඟවාදෙනු ලෝකයට

අවිහිංසක සිතිවිලි සිත බැන්දාට
එකට කූඩු වෙන්නට බැරි පෙර පවට
ඉතින් සාප කරමින් මගේ ඉක්මන් කමට
එපා විසිකරනු ගින්දර මගෙ පැල්පතට
එපා විසිකරනු ගින්දර මගෙ පැල්පතට

අමාවකට අතවනනා පිච්චමලී
ලමැද නුඹේ කිරි පුසුඹෙන් සිත කැළඹී
පිච්ච පතට පැණි පෙරලා බොන යාමේ
පිච්ච මලට පැණි ඉහුනද සංකාවේ","අමාවකට අතවනනා පිච්චමලී
ලමැද නුඹේ කිරි පුසුඹෙන් සිත කැළඹී",විවාහක පිරිමියෙකු අතින් කුඩා තරුනියක් ගැබ් ගැනීම,අමාවකට අතවනනා,අනවශ්‍ය ගැබ් ගැනීමක්,,,,
oba nidana seethala polawe,ඔබ නිදනා සීතල පොලොවේ,ajith bandara,අජිත් බන්ඩාර,2012,unkown,unknown,"ඔබ නිදනා සීතල පොළවේ
මලක් පිපීලා නමක් නැති
ඔබා දණ බිම නැමී සිපගමි
ඔබේ කිරි සුවඳයි අම්මේ
අම්මාඅම්මා

වැවේ පතුලෙන් දොවාගත් පැන්
පිරිත් පැන් සේ පොවාලා
හොවා උකුලේ පුරා මා වෙඩි
කුලී මාලිඟ තනාලා
කුලී මාලිඟ තනාලා
අම්මා අම්මා

ඇසේ ඇසිපිය වසා කඳුලට
හිතේ දුක්ගිනි දරාලා
මහා බොසත් පෙරුම් පිරුවේ
අපේ බුදුබව පතාලා
අපේ බුදුබව පතාලා
අම්මා අම්මා","වැවේ පතුලෙන් දොවාගත් පැන්
පිරිත් පැන් සේ පොවාලා",දරුවා මවුකිරි වලින් පෝශනය වූ බව,පිරිත් පැන්,මවුකිරි,,,,
hitha nambara thaleta,හිත නාඹර තාලෙට,bathiya santhush,භාතිය සංතුශ්,2011,Nilar N. Kasim,නිලාර් ඇන්. කාසීම්,"හිත නාඹර තාලෙට වෙල් දෙනි වල නැටුවා
එන හිමිදිරි සිහිලෙට හිතුවිලි කිති කැවුනා
එක පාරට ආදර මල් සුවඳක් දැනුනා
මදහාස නගා ඈ හොරැහින් වගේ බැලුවා..

හිත නාඹර තාලෙට වෙල් දෙනි වල නැටුවා
එන හිමිදිරි සිහිලෙට හිතුවිලි කිති කැවුනා
එක පාරට ආදර මල් සුවඳක් දැනුනා
මදහාස නගා ඈ හොරැහින් වගේ බැලුවා..

පාළු අම්බරයේ දේදුන්නක් ඇදිලා
පාට ගෑ විගසේ පාලුව සැගව ගියා
පාළු අම්බරයේ දේදුන්නක් ඇදිලා
පාට ගෑ විගසේ පාලුව සැගව ගියා
සීතලෙන් මිරිකී උදාවුනු මේ අරුණේ
පාලු වූ මහදේ කවුරුද තනි මැකුවේ

හිත නාඹර තාලෙට වෙල් දෙනි වල නැටුවා
එන හිමිදිරි සිහිලෙට හිතුවිලි කිති කැවුනා
එක පාරට ආදර මල් සුවඳක් දැනුනා
මදහාස නගා ඈ හොරැහින් වගේ බැලුවා..

පාට සමනලයන් ආදර ගී මුමුණා
රෝස මකරන්දේ සුවඳට ඉව කෙරුවා
පාට සමනලයන් ආදර ගී මුමුණා
රෝස මකරන්දේ සුවඳට ඉව කෙරුවා
සීතලෙන් මිරිකී උදාවුනු මේ අරුණේ
පාළු වූ මහදේ කවුරුද තනි මැකුවේ

හිත නාඹර තාලෙට වෙල් දෙනි වල නැටුවා
එන හිමිදිරි සිහිලෙට හිතුවිලි කිති කැවුනා
එක පාරට ආදර මල් සුවඳක් දැනුනා
මදහාස නගා ඈ හොරැහින් වගේ බැලුවා",හිත නාඹර තාලෙට වෙල් දෙනි වල නැටුවා,හිත සතුටින් ඉපිල ගියා,වෙල් දෙනි වල නැටුවා,සතුට,,,,
prema dadayama,ප්‍රේම දඩයම,pradeep rangana,ප්‍රදීප් රංගන,2016,Sydney Chandrasekara,සිඩ්නි චන්ද්‍රසේකර,"උඩු සුළඟේ බිම් පතුලේ කැළතෙන්නේ
උඩු සුළඟේ බිම් පතුලේ කැළඹෙන්නේ
සිත ගිනිගත්ත සිතුවිල්ල පුපුරා
සිත අන්ධයි නෙත් කුරිරුයි පිරි මායා බන්ධනේ
සන්සුන් නෑ ඔබ චන්චල සිතින්

පෙම් පූජාසනේ නෑ ඔබේ
ආදරේ මල් වැල් තබා
ඇයි පලිගන්නේ හිත වියරුවෙන්
මිරිඟුවක් සේ තැන තැනා
ප්‍රේම දඩයම සොයා
ප්‍රේම දඩයම සොයා
සිත අන්ධයි නෙත් කුරිරුයි පිරි මායා බන්ධනේ
සන්සුන් නෑ ඔබ චන්චල සිතින්

ආදර හිත් තෙතමනෙන්
ජිවිතේ අරුතක් සොයා
ළං වී ඉන්න මා ළඟ සදා
රෝස මල් යහනා තනා
රෝස මල් යහනා තනා
රෝස මල් යහනා තනා
සිත අන්ධයි නෙත් කුරිරුයි පිරි මායා බන්ධනේ
සන්සුන් නෑ ඔබ චන්චල සිතින්

උඩු සුළඟේ බිම් පතුලේ කැළතෙන්නේ
උඩු සුළඟේ බිම් පතුලේ කැළඹෙන්නේ
සිත ගිනිගත්ත සිතුවිල්ල පුපුරා
සිත අන්ධයි නෙත් කුරිරුයි පිරි මායා බන්ධනේ
සන්සුන් නෑ ඔබ චන්චල සිතින්","පෙම් පූජාසනේ නෑ ඔබේ
ආදරේ මල් වැල් තබා",ඔබේ හිතේ ආදරේ ගැන හැගුම නෑ,පෙම් පූජාසනේ,සිත,,,,
mage so susum,මගේ සෝ සුසුම්,rahal alwis,රහල් අල්විස්,2015,hasitha withanage,හසිත විතානගේ,"මගේ සෝ සුසුම් වේදනා මුහුවෙලා
 රිදවලා මා දමා නුඹ ගියා නුඹ ගියා
 මගේ සෝ සුසුම් වේදනා මුහුවෙලා
 රිදවලා මා දමා නුඹ ගියා නුඹ ගියා
 කෙසේදෝ කියම් ඉන්නෙ මා තනිවෙලා
 කඳුළු මා නෙත් අගින් වැටෙනවා
 වැටෙනවා
 
 බැඳුනත් අාලෙන් ඔබ හා මා
 සැඟවී ගියා සැඟවී ගියා
 එක මෝසම් වැස්සෙන් නුඹ
 සැඟවී ගියා නුඹ අායේ එන්නෙ නැතිදෝ තුරුලට මාගේ
 
 මගේ සෝ සුසුම් වේදනා මුහුවෙලා
 රිදවලා මා දමා නුඹ ගියා නුඹ ගියා
 කෙසේදෝ කියම් ඉන්නෙ මා තනිවෙලා
 කඳුළු මා නෙත් අගින් වැටෙනවා
 වැටෙනවා
 
 පැතූ ඒ පැතුම් මාගේ මීදුමෙන් වැසී අහසේ බොඳවී ගියා නොපෙනී
 පැතූ ඒ පැතුම් මාගේ මීදුමෙන් වැසී අහසේ බොඳවී ගියා නොපෙනී
 එපා යන්න හැරදා කෙසේ ඉන්නෙ මා ඉතින්
 හැම හුස්මක් පුරා මගේ හිත නුඹ ගැන මුමුණනවා
 
 මගේ සෝ සුසුම් වේදනා මුහුවෙලා
 රිදවලා මා දමා නුඹ ගියා නුඹ ගියා
 කෙසේදෝ කියම් ඉන්නෙ මා තනිවෙලා
 කඳුළු මා නෙත් අගින් වැටෙනවා
 වැටෙනවා","එක මෝසම් වැස්සෙන් නුඹ
 සැඟවී ගියා නුඹ ආයේ එන්නෙ නැතිදෝ තුරුලට මාගේ",එක ප්‍රශ්නයක් නිසා ඔබ මගෙන් වෙන් වුණා. නැවත නුබ මට ආදරේ නැත්ද,මෝසම් වැස්ස,ලොකු අව්ලක්,,,,
ra ahasin,රෑ අහසින්,kasun kalhara,කසුන් කල්හාර,2009,Sanjaya Epa Senevirathna,සංජය ඈපා සෙනෙවිරත්න,"රෑ අහසින් වැටෙනා
බිංදු බිංදු පිණි බිංදු
නොපිපි මල සොයනවා
මුවා වී ඉන්න එපා
හරි සීතලයි
සීතලයි පින්න

සිපගන්න බයින් මහ පොළොව
පිණි බිංදු හඩනවා
නිම් නාද දී
දෙතොලතර ඉඩදෙන්න
නවාතැන් පල වෙන්න
හරි සීතලයි පින්න

අනෝරා පිනි යටින්
තෙමි තෙමී ඇවිදින්ම
ගිනි නැගෙනා ආත්මය
පිනිදියෙන් දෝවන්න
සිරුරතර ඉඩදෙන්න
නවාතැන් පල වෙන්න
හරි සීතලයි පින්න","රෑ අහසින් වැටෙනා
බිංදු බිංදු පිණි බිංදු
නොපිපි මල සොයනවා
මුවා වී ඉන්න එපා",යෞවනයන් තමන්ගේ ආදරවන්තිය සොයනවා. සැගවී ඉන්න එපා.,නොපිපි මල,ආදරවන්තිය,,,,
thawath kenek,තවත් කෙනෙක්,daddy,ඩැඩී,2010,daddy,ඩැඩී,,"අපි ගැන අද උඹට
 අනිවා කියලා ඇත",ඔවුන් ගැන ඇයට කියා ඇති බව තහවුරු කර කියයි,අනිවා,තහවුරු කිරීම,,,,
mal peththak se,මල් පෙත්තක් සේ,6th lane,සික්ස්ත් ලේන්,2005,hiran thenuwara,හිරාන් තේනුවර,"මල් පෙත්තක් සේ සුසිනිදු සිත
 මගෙන් නුඹ කොහින්දෝ හොරකම් කරා
 තව රිදෙන්න නෑ ඉඩක්
 මගෙ හදවතේ
 මට දුකද සතුට වේ
 
 කවුළුවෙන් එපිට මහා වර්ෂා වැටෙනවා
 ඔබ තිළිණ දුන් රෝස පඳුරේ
 පිපුණු මලේ පෙති කඩා හැලෙනවා
 මට පේනවා
 
 මල් පෙත්තක් සේ සුසිනිදු සිත
 මගෙන් නුඹ කොහින්දෝ හොරකම් කරා
 තව රිදෙන්න නෑ ඉඩක්
 මගෙ හදවතේ
 මට දුකද සතුට වේ
 
 කවුළුවෙන් එපිට මහා වර්ෂා වැටෙනවා
 ඔබ තිළිණ දුන් රෝස පඳුරේ
 පිපුණු මලේ පෙති කඩා හැලෙනවා
 මට පේනවා
 
 මල් පෙත්තක් සේ සුසිනිදු සිත
 මගෙන් නුඹ කොහින්දෝ හොරකම් කරා
 තව රිදෙන්න නෑ ඉඩක්
 මගෙ හදවතේ
 මට දුකද සතුට වේ
 
 කවුළුවෙන් එපිට මහා වර්ෂා වැටෙනවා
 ඔබ තිළිණ දුන් රෝස පඳුරේ
 පිපුණු මලේ පෙති කඩා හැලෙනවා
 මට පේනවා
 
 මල් පෙත්තක් සේ සුසිනිදු සිත
 මගෙන් නුඹ කොහින්දෝ හොරකම් කරා
 තව රිදෙන්න නෑ ඉඩක්
 මගෙ හදවතේ
 මට දුකද සතුට වේ
 
 කවුළුවෙන් එපිට මහා වර්ෂා වැටෙනවා
 ඔබ තිළිණ දුන් රෝස පඳුරේ
 පිපුණු මලේ පෙති කඩා හැලෙනවා
 මට පේනවා
 
 මල් පෙත්තක් සේ සුසිනිදු සිත
 මගෙන් නුඹ කොහින්දෝ හොරකම් කරා
 තව රිදෙන්න නෑ ඉඩක්
 මගෙ හදවතේ
 මට දුකද සතුට වේ
 
 කවුළුවෙන් එපිට මහා වර්ෂා වැටෙනවා
 ඔබ තිළිණ දුන් රෝස පඳුරේ
 පිපුණු මලේ පෙති කඩා හැලෙනවා
 මට පේනවා
 
 මල් පෙත්තක් සේ සුසිනිදු සිත
 මගෙන් නුඹ කොහින්දෝ හොරකම් කරා
 තව රිදෙන්න නෑ ඉඩක්
 මගෙ හදවතේ
 මට දුකද සතුට වේ
 
 කවුළුවෙන් එපිට මහා වර්ෂා වැටෙනවා
 ඔබ තිළිණ දුන් රෝස පඳුරේ
 පිපුණු මලේ පෙති කඩා හැලෙනවා
 මට පේනවා","ඔබ තිළිණ දුන් රෝස පඳුරේ
 පිපුණු මලේ පෙති කඩා හැලෙනවා",ඔබ මට දුන් ආදරය කෙමෙන් අඩුවී යයි,"තිළිණ දුන් රෝස පඳුරේ
 පිපුණු මලේ",ඔබ හා මා අතර තිබු ආදරය,,,,
sara sadisi pethi,සාර සදිසි පෙති,samitha mudunkotuwa,සමිතා මුදුන්කොටුව,2005,Wasantha Dhukgannarala,වසන්ත දුක්ගන්නාරාල,"සාර සදිසි පෙති පේර නෙළාලා

වීර මලක පෙති නාසෙට අල්ලා
සූරියවැව ළඟ ප්රේම කුරුල්ලා
සොකරි නටන්නට එන්ට ඇහැව්වා

මාලගිරව් ටික හීන ගෙනාවා

වෑ ඉස්මත්තෙදි මුවමල් තීවා
තෑගි ලෙසට මගෙ නීල කොබෙයියා
දුක වාවාගෙන ඉන්නට කීවා

සාර සදිසි පෙති පේර නෙළාලා

වීර මලක පෙති නාසෙට අල්ලා
සූරියවැව ළඟ ප්රේම කුරුල්ලා
සොකරි නටන්නට එන්ට ඇහැව්වා

මාලගිරව් ටික හීන ගෙනාවා

වෑ ඉස්මත්තෙදි මුවමල් තීවා
තෑගි ලෙසට මගෙ නීල කොබෙයියා
දුක වාවාගෙන ඉන්නට කීවා

සාර සදිසි පෙති පේර නෙළාලා

වීර මලක පෙති නාසෙට අල්ලා
සූරියවැව ළඟ ප්රේම කුරුල්ලා
සොකරි නටන්නට එන්ට ඇහැව්වා",සූරියවැව ළඟ ප්‍රේම කුරුල්ලා,සූරිය වැව ලග සිටින ඇගේ පෙම්වතා,ප්‍රේම කුරුල්ලා,ආදරවන්තයා,,,,
wahidata dedunna,වැහිදාට දේදුන්න,damith asanka,දමිත් අසංක,2015,unknown,unknown,"වැහිදාට දේදුන්න වගෙ අම්බරේ
මේ වැහිදාට දේදුන්න වගෙ අම්බරේ
පැතුව සංසාරේ මනමාලි ඔබදෝ ප්‍රියේ
මාගෙ සිත පෙම් පුරා
ඔබට ලං වෙයි සදා
සුවඳ සිප ගන්න දෙව් දුවනියේ හද පුරා
ඔබය මන රංජනී ආදරේ කැන්දනා

සුමුදු පෙම් මල් නෙලා
රුසිරු සිත සරසලා
රැගෙන යමි ලදුනි පෙම් පහන හද දල්වලා
කුඹුරු අස්වැද්දිලා නෙක පලින් බර වෙලා
සොඳුරු වස්සානේ ඔබ රැජිනියයි මට සදා

වැහිදාට දේදුන්න වගෙ අම්බරේ
මේ වැහිදාට දේදුන්න වගෙ අම්බරේ
පැතුව සංසාරේ මනමාලි ඔබදෝ ප්‍රියේ
මාගෙ සිත පෙම් පුරා
ඔබට ලං වෙයි සදා
සුවඳ සිප ගන්න දෙව් දුවනියේ හද පුරා
ඔබය මන රංජනී ආදරේ කැන්දනා

කුමුදිනිය ඇහැරිලා තරු වටා සැරිසරා
ගයන පෙම් ගීය ඇහුනාද මන් මත් වෙලා
පිනි දියෙන් නැහැවිලා යාය මල් බර වෙලා
සැදුව සිරි යහන අද ඔබට මට වෙන් වෙලා",වැහිදාට දේදුන්න වගෙ අම්බරේ,දුකින් පිරි ජීවිතයකට ආලෝකය,දේදුන්න,ආලෝකය,,,,
colombo,කොළඹ,k mac ft iraj janani,කේ මැක් ft ඉරාජ් ජනනි,2013,K Mac,කේ මැක්,"පිළිගන්නෙයි! ඔබ සැම දෙන ලංකාවෙ! අග නුවරට, කොළඹ පුරවරයට!
නැහැනෙ වෙන තැනක් ලෝකෙ තවත් මේ වගෙ මට, ඉපදුන හැදුන වැඩුන නගරෙයි මම
එ ආදි කාලෙ කවුද දන්නෙ නැත්තෙ කොල්ලො දුර ඉතිහාසෙ ගමට සිදාදිය මට සුරලෝකෙ
යන හැම තැන මට ගෙදර වාගෙ

කොල්ලො අපි ඔක්කොම Rap Rap අහන්නෙ
ILL NOIZE කිවුවම බොක්කෙන් අහන්නෙ
මේක මල්ලි තවත් මල් සින්දුවක් නොවේ!
(it’s a place of colombo baby)
කොල්ලො අපි ඔක්කොම Rap Rap අහන්නෙ
ILL NOIZE කිවුවම බොක්කෙන් අහන්නෙ
මේක මල්ලි තවත් මල් සින්දුවක් නොවේ!
(it’s a place of colombo baby)

කොන්ක්‍රීට් වනාන්තරෙ නොනිඳන නගරෙ, ඉපදුනෙ මම මේ ගෙන්දගම් පොළවෙ
දුවනව වීදි දිගෙ මම මැරතන්, කොළඔ cityයම උඩ උන තැනක ආයුබෝවන්!
කැරකෙමු රවුමක් අපි බම්බ පැත්තෙන්, කොල්ලුපිටි slay violent වැල්ලවත්තෙ
හොඳ හොඳ සෙල්ලම් වෙන්නෙ කොළඔ මැද්දෙ, අපෙ යාළුවො සෙට් එක මාළිගාවත්තෙ
හොඳ නැහැ යන මට නම් උනවදුනේ, නුවර එළියේ
හැම සති අන්තෙම අපි ගල්කිස්සේ, හඳ එලියේ මෙහෙ මෙහෙමයි අපි කාලෙ ගෙවන්නෙ..

‘කො’යන්න ‘ල’යන්න පැත්තෙන් ‘ඹ’යන්න කියමු කියමු දැන් ලොවටම ඇහැන්න
නැහැනෙ වෙන තැනක් තවත් මේ වගේ මම ඉපදුනෙ, මැරෙන්නෙත් මේ නගරේ yeah!!

කොල්ලො අපි ඔක්කොම Rap Rap අහන්නෙ
ILL NOIZE කිවුවම බොක්කෙන් අහන්නෙ
මේක මල්ලි තවත් මල් සින්දුවක් නොවේ!
(it’s a place of colombo baby)
කොල්ලො අපි ඔක්කොම Rap Rap අහන්නෙ
ILL NOIZE කිවුවම බොක්කෙන් අහන්නෙ
මේක මල්ලි තවත් මල් සින්දුවක් නොවේ!
(it’s a place of colombo baby)

උතුර දකුන මාරුවෙන බස්නාහිර ගහට ගහක් හමුවන මොරටුව පේන දුර
කෝව් කෝව් සද්දෙ වනාතමුල්ලේ, වඩුවිට මොදර පුන්චි බොරැල්ලේ
ගමට කැකිරි දැන් කොළඹට කිරි කොක් මරදාන ඉඳන් එන ලස්සන කෙල්ලො
කටකාර දඟකාර සල්ලාල එවුන් නෑනෙ වටේ තවත් මේ වගෙ වීරයෝ
මෙහෙ ගිනි අවි ගිනි කෙලි වැලිකඩ ඇතුලේ, වහලේ, පොලිසිය සහ පාතාලේ
සුරඟන කථා නෑනෙ අපේ ගමේ විසිහතක් එතනම මේව විහිළු නෙමේ මල්ලි!

‘කො’යන්න ‘ල’යන්න පැත්තෙන් ‘ඹ’යන්න කියමු කියමු දැන් ලොවටම ඇහැන්න
නැහැනෙ වෙන තැනක් තවත් මේ වගේ සල්ලි අතේ තිබ්බොත් දිව්‍ය ලෝකෙ වගේ yeah!!

කොල්ලො අපි ඔක්කොම Rap Rap අහන්නෙ
ILL NOIZE කිවුවම බොක්කෙන් අහන්නෙ
මේක මල්ලි තවත් මල් සින්දුවක් නොවේ!
(it’s a place of Colombo baby)
කොල්ලො අපි ඔක්කොම Rap Rap අහන්නෙ
ILL NOIZE කිවුවම බොක්කෙන් අහන්නෙ
මේක මල්ලි තවත් මල් සින්දුවක් නොවේ!
(it’s a place of Colombo baby)

it’s Suboy Iraj with the K n Jay (Here from my ILL NOIZE Family)

මේක තමයි Colombo City කියන්නෙ
මෙහෙ කොල්ලො අඬන්නෑ, මල් සින්දු අහන්නෑ!",කොන්ක්‍රීට් වනාන්තරෙ නොනිඳන නගරෙ,ඉතාමත් කාර්‍යබහුල ගොඩනැගිලි වලින් පිරුනු නගරයේ,කොන්ක්‍රීට් වනාන්තරෙ,ගොඩනැගිලි වලින් පිරුනු නගරය,,,,
sanda mithuri,සඳ මිතුරි,kasun kalhara,කසුන් කල්හාර,2012,achala solamans,අචල සොලමන්ස්,"ඉගිලෙන්න ඔබ එක්ක ආකාසේ
 විදගන්න ඒ සිසිල මා සිත්සේ
 මට දෙන්න ඒ වරම කවදාද ඔබ එන්නෙ පිනි බින්දු මල් වැහි අරන්
 සඳ මිතුරි සිත මිහිරි කල මැනවී
 බිඳු කඳුලු පිනි පොකුරු කල මැනවී…
 
 මට මම ම වී ඉන්න ලොකෙන් ඉඩක් නොදෙන
 ඈතට වෙලා අපිම අපි වී ඉතින්
 නව ලොවට මුල් අනු දෙන්න
 මිල නොවන පෙම් කවිය පබඳින්න
 පිනි වැස්ස වස්සන්න මද්දහන තෙත් වෙන්න
 ආදරය දලු ලන්න මිහිකත මතින්
 සිහිනේ සනහා කිරණින් දැවෙනා..
 
 ඉගිලෙන්න ඔබ එක්ක ආකාසේ
 විදගන්න ඒ සිසිල මා සිත්සේ
 මට දෙන්න ඒ වරම කවදාද ඔබ එන්නෙ පිනි බින්දු මල් වැහි අරන්
 සඳ මිතුරි සිත මිහිරි කල මැනවී
 බිඳු කඳුලු පිනි පොකුරු කල මැනවී…
 
 ජීවිතය විඳගන්න ලොකෙන් ඉඩක් නොදෙන
 ඈතට වෙලා තෙමෙමු පිනි වැහි පොදෙන්
 ප්‍රේමයට ප්‍රේමය වෙන්න
 නිල නොවන ජිවිතය පුබුදන්න
 පිනි වැස්ස වස්සන්න මද්දහන තෙත් වෙන්න
 ආදරය දලුලන්න මිහිකත මතින්
 සිහිනේ සනහා කිරණින් දැවෙනා..
 ඉගිලෙන්න ඔබ එක්ක ආකාසේ
 විදගන්න ඒ සිසිල මා සිත්සේ
 මට දෙන්න ඒ වරම කවදාද ඔබ එන්නෙ පිනි බින්දු මල් වැහි අරන්
 සඳ මිතුරි සිත මිහිරි කල මැනවී
 බිඳු කඳුලු පිනි පොකුරු කල මැනවී…",මට දෙන්න ඒ වරම කවදාද ඔබ එන්නෙ පිනි බින්දු මල් වැහි අරන්,ඔබ එන්නේ කවදද මා හා එක්වන්නට හා සතුටින් සිටීමට,පිනි බින්දු මල් වැහි අරන්,ජිවිතයේ සතුට රැගෙන මා හා එක්වන්නට,,,,
ran kurahan mala,රන් කුරහන් මල,bathiya santhush,බාතිය සංතුශ්,2014,Wasantha Dukgannarala,වසන්ත දුක්ගන්නාරාල,"නානානේනා නනෙ නානා
නානානේනා නනෙ නානා
නාතම්දෙනා තම්දේ නානා
නාතම්දෙනා තම්දේ නානා

රන් කුරහන් මල සේමා
සුපිපුණු ඔබේ වත බෝමා
දැක්ක ගමන් සිත සැලෙනා
ප්‍රේමි නුඹේ අත ඕනා
රන් කුරහන් මල සේමා
සුපිපුණු ඔබේ වත බෝමා
දැක්ක ගමන් සිත සැලෙනා
ප්‍රේමි නුඹේ අත ඕනා

මල් මසුරන් ගී ඇසෙනා
ගම්මානේ මා මන බඳිනා","දැක්ක ගමන් සිත සැලෙනා
ප්‍රේමි නුඹේ අත ඕනා",දුටු විටම ආදරයක් ඇති වීම,නුඹේ අත ඕනා,විවාහය,,,,
rajiniye,රාජිනියේ,ashanthi de alwis 2020,අශාන්ති ද සිල්වා,2012,unknown,unknown,"හැඬුවේ නෑ ලයේ පතුල රිදුනත් පෑරිලා
බියවී නෑ කොහේ කොතන ඇහුනත් චෝදනා
මගෙ වාරුවෙන් හරි සීරුවෙන් ආ මාවතේ
රතු රෝසමල් පාවඩ නැතේ මට පෑගුනේ
මිතුරේ

රැජිනියේ ඔබ නැත තනිවී
නිදහසේ ඉගිලියන් බිය නොවී
හිංසාවෙන් නෑ මල් පෙති පරවී
සුවඳ දේ පිපිලා සැරසී

දහසක් බාධා කල අය බෝ ඇතේ ජීවිතේ
නෑ මා සැලිලා ඒ කිසිවක් නිසා තුන්යමේ
අසමාන වේ ඔබ රූපයෙන් හැඩකාරියේ
සුන්දර හිතින් සැරසුනු ලඳුන් බැබලෙයි ලොවේ
මිතුරේ","මගෙ වාරුවෙන් හරි සීරුවෙන් ආ මාවතේ
රතු රෝසමල් පාවඩ නැතේ මට පෑගුනේ",දුශ්කර ගමනක් ගෙවාගෙන පැමිනීම,රතු රෝස මල්,සුව පහසුව,,,,
Nuwara Eliye,නුවරඑළියෙ,Damith Asanka,දමිත් අසංක,2010,Asanka Dissanayake,අසංක දිසානායක,"නුවරඑළියෙ සිසිල් බවයි විටකදි හද මඬල
මහවන්නියෙ විරල බවයි විටකදි හද මඬල
කොළොම්පුරේ රුදුරු බවයි විටකදි හද මඬල
අනුරපුරේ සමාධියයි විටකදි හද මඬල
ගාලු කොටුවේ බැම්ම වගේ
රැකවරනය දුන්නා
උණවටුනේ වෙරළ වගේ
සුන්දර බව මැව්වා
හුම්මානේ වතුර වගේ
දුන් සෙනෙහස ගත්තා
කතරගමේ දෙවිදුන් හට
මගෙ දුක මම කිව්වා
නුවරඑළියෙ සිසිල් බවයි විටකදි හද මඬල
මහවන්නියෙ විරල බවයි විටකදි හද මඬල
කොළොම්පුරේ රුදුරු බවයි විටකදි හද මඬල
අනුරපුරේ සමාධියයි විටකදි හද මඬල
මහවැලි ගඟ බෙදුවා වගේ
ඔබ මා වෙන්කෙරුවා
දුන්හිඳ දිය ඇල්ල වගේ
මගෙ සිත ඇද වැටුනා
හුන්නස්ගිරි කන්ද වගේ
හුදකලාවේ උන්නා
ඉසුරුමුණියේ පෙම් යුවලට
මගෙ දුක මම කිව්වා
නුවරඑළියෙ සිසිල් බවයි විටකදි හද මඬල
මහවන්නියෙ විරල බවයි විටකදි හද මඬල
කොළොම්පුරේ රුදුරු බවයි විටකදි හද මඬල
අනුරපුරේ සමාධියයි විටකදි හද මඬල",මහවන්නියෙ විරල බවයි විටකදි හද මඬල,අප ජීවිතයට එන දුක්ෂ්කර අවස්ථා වලට මුහුණ දෙන ආකාරය අනුව ඒවා අපේ ජීවිතයට බලපායි,මහවන්නියෙ,ගැමි ජීවිතය,කොළොම්පුරේ රුදුරු බවයි විටකදි හද මඬල,අප ජීවිතයට එන දුක්ෂ්කර අවස්ථා වලට මුහුණ දෙන ආකාරය අනුව ඒවා අපේ ජීවිතයට බලපායි,කොළොම්පුරේ,නාගරික ජීවිතය
samawela,සමාවෙලා,chamara weerasinghe,චාමර වීරසිංහ,2003,aradanaa ekanayake,අරාධනා ඒකනායක,"සමාවෙලා… හදාගන්න මට මගේ හිත
 එකම වරක් ඔබේ දෙපා
 වඳින්න දෙන්න… වඳින්න දෙන්න…
 කිලුටක් නෑ මගේ හදවත සත්තයි ඔන්න
 එපා ඉතින් මගේ දෑස මඟ හැර යන්න
 සමාවෙලා… හදාගන්න මට මගේ හිත
 
 ඔබේ සිතට පිටු පාලා මං ගිය ඈත
 කඳුළු වලින් නෙත තෙමුනා මට නොදැනීම
 ආදරයක් නොලැබුන දා සොයා ඔබේ සිත
 මං ආවත් එරෙහි උනා කසාවත මට
 
 සමාවෙලා… හදාගන්න මට මගේ හිත
 එකම වරක් ඔබේ දෙපා
 වඳින්න දෙන්න… වඳින්න දෙන්න…
 කිලුටක් නෑ මගේ හදවත සත්තයි ඔන්න
 එපා ඉතින් මගේ දෑස මඟ හැර යන්න
 සමාවෙලා… හදාගන්න මට මගේ හිත
 
 කසාවතින් ඔබ යන විට මඟ සන්සුන්ව
 ආදරයට හැඟුමන් නෑ හදවත කොනක
 ගෙවා ගන්න මා කළ පව් සමාවී මට
 එකම වරක් ඔබේ දෙපා වඳින්න දෙන්න
 
 සමාවෙලා… හදාගන්න මට මගේ හිත
 එකම වරක් ඔබේ දෙපා
 වඳින්න දෙන්න… වඳින්න දෙන්න…
 කිලුටක් නෑ මගේ හදවත සත්තයි ඔන්න
 එපා ඉතින් මගේ දෑස මඟ හැර යන්න
 සමාවෙලා… හදාගන්න මට මගේ හිත","කිලුටක් නෑ මගේ හදවත සත්තයි ඔන්න
 එපා ඉතින් මගේ දෑස මඟ හැර යන්න",මගේ හදවතේ කිසි අමනාපයක් නෑ. එත් මගේ දිහා බලන්නේ නැතුව යන්න එපා,දෑස මඟ හැර,බලන්නේ නැතුව,,,,
ra dolos paye,රෑ දොලොස් පැයේ,nirosha virajini,නිරෝශා විරාජිනී,2003,Dr Ajantha Ranasinghe,ආචාර්ය අජන්තා රණසිංහ,"රෑ දොළොස් පැයේ ඉඳි කඩුළු ඇරන්
රෑ දොළොස් පැයේ ඉඳි කඩුළු ඇරන්
කර ඔසවා බලා උන්නා
කර ඔසවා බලා උන්නා
හබකර ගිය ආලවන්ත මගෙම
මිහිරා වනයෙන් දැන් එතැයි කියා
හා….හේ…

දාර පිඹුරු වග වලසුන් ලගින වනේ
දෝස විපත් සිදු නොවියන් නුඹට අනේ
දෙකනට දෙමික්කම් නැතුවට කම් නැතුවා
කරවට පදක්කම් නැතුවට හිත ඇතුවා
පෙම්බර කුමාරයෝ
රෑ දොළොස් පැයේ ඉඳි කඩුළු ඇරන්

රෑ දොළොස් පැයේ ඉඳි කඩුළු ඇරන්
රෑ දොළොස් පැයේ ඉඳි කඩුළු ඇරන්
කර ඔසවා බලා උන්නා
කර ඔසවා බලා උන්නා
හබකර ගිය ආලවන්ත මගෙම
මිහිරා වනයෙන් දැන් එතැයි කියා
හා….හේ…

කාසි පඬුරු කතරගමට ගැට ගහලා
බාර වුණා රූපෙට රූපේ පුදලා
බෝවා කඳුළු ඉනුවා ඇස කකියා
දෙයියෝ නොයන් පපුවට ගිනි අවුලා
පෙම්බර කුමාරයෝ

රෑ දොළොස් පැයේ ඉඳි කඩුළු ඇරන්
රෑ දොළොස් පැයේ ඉඳි කඩුළු ඇරන්
කර ඔසවා බලා උන්නා
කර ඔසවා බලා උන්නා
හබකර ගිය ආලවන්ත මගෙම
මිහිරා වනයෙන් දැන් එතැයි කියා
හා….හේ…","දාර පිඹුරු වග වලසුන් ලගින වනේ
දෝස විපත් සිදු නොවියන් නුඹට අනේ",නොසන්ඩාල පිරිමින් සිටින ඒ නගරයේදී ඔබට කරදරයක් නොවේවා.,දාර පිඹුරු වග වලසුන්,නොසන්ඩාල පිරිමින්,,,,
dethol magema nam,දෙතොල් මගෙම නම්,daddy,ඩැඩී,2007,daddy,ඩැඩී,"දෙතොල් මගේම නම්
 රැයින් රැයට ඉර පායනකන්
 රස කර කර සිප ගන්නම්
 
 දෙනෙත් මගේමනම්
 අඳුරින් දෙනෙත් මගෙ නැහැවෙනකන්
 නිල් ඇස් දෙක දෙසම බලන්නම්
 සඳ ගිලී ඉර වැටෙනකන්
 තුරුලු වී තොල් පෙති සිඹින්නම්
 දිනෙක අඳුරින් නැහැවෙනකන්
 නිතර නිල් ඇස් දෙස බලන්නම්
 සිත රිදවා හැඬවූ ආදර කතාව
 තවදුරටත් එහි ලැගුම් නොගන්නා
 කොටසක් කරන්න මොහොතින් මොහොතම
 ඇය ළඟ සිටිමින් ඇය දෙස බලමින් සනසන්නම්
 
 ඔව් ඔබ මගේම නම්
 මගෙන් ඇගෙ සිත පෑරේ නම්
 කඳුළු බිඳු ඇගෙ නෙත් තෙමයි නම්
 ඇගේ සිත වෙන කෙනෙකුගේ නම්
 ගැයූ පද අමතක කරන්නම්",සඳ ගිලී ඉර වැටෙනකන්,රාත්‍රිය අවසන් වී උදෑසන උදා වන තුරු,සඳ ගිලී ඉර,රාත්‍රිය අවසන් වී උදෑසන උදා වීම,,,,
athin athata,ඈතින් ඈතට,chamara weerasinghe,චාමර වීරසිංහ,2011,Unknown,Unknown,"ඈතින් ඈතට ඈතින් ඈතට
ඈතින් ඈතට ගියා

මා ලඟ තිවු සිත අරන් ගියා
සුවඳ වත් මා ලග‍ නොතියා
අමතක කරලන්නම් කියා ගියා

ඔය ඇස් අමතක වෙන්න නම්
මගේ ඇස් පිය වෙන්න වෙයි

සීතල වැහි බිංදු සේම කදුළු
කඩා හැලෙනවා නිමක් නොවේ
පොළව ඉහිලුවත් ඒ වැහි බිංදු
කදුළු ගලන්නට ඉඩ මදිලු

ඔය ඇස් අමතක වෙන්න නම්
මගේ ඇස් පිය වෙන්න වෙයි","මා ලඟ තිවු සිත අරන් ගියා
සුවඳ වත් මා ලග‍ නොතියා",කිසිදු මතකයක්වත් ඉතුරු නොකොට ඔබ මාගෙන් වෙන්වී ගියා,සුවඳ වත් මා ලග‍ නොතියා,මතකයක්වත් නොතබා,,,,
namal mitak,නාමල් මිටක්,randhir witana,‍රන්දීර් විතාන,2015,unknown,unknown,"නාමල් මිටක් සුදු දෝතින් අරන් හිරිම උදේ ඈ කොයිදෑ ගියේ
දිව සළු ඇඳන් මහා පොලොවට උඩින් පියමං කලේ සුර අඟනක් වගේ
යන්තම් හොරෙන් නිල නෙතගින් බලාලා
ආඩම්බරෙන් යන හැටි අගෙයි දැන්
ඈ සත්තකින් හිමි මට නම් සඳේ සක්විති රජෙක් වී සක්වල දිනන්නම්

නෙතු නිලුපුල් පිලි සිහිලෙන් මා මුව සතපනවානම්
මී අම වන තෙපුලෙන් මා දෙසවන් සනසනවා නම්
ඔබ පා මුල මුතු අතුරා ටජ්මහලක් හදවන්නම්
ඔබ මට බහ දෙනවා නම් ලොව සැණකෙළි කරවන්නම්

නාමල් මිටක්...

වරලස සැරසිල්ලක් නම් තරු මල් ගෙනැවිත් දෙන්නම්
රැය අඳුරට යනවා නම් සඳ එළියෙන් දෝවන්නම්
ලඟ හිඳ මුමුනනවා නම් වරුවක් අහගෙන ඉන්නම්
දවසක මගේ වෙනවා නම් එතුවක් නොමැරී ඉන්නම්",රැය අඳුරට යනවා නම් සඳ එළියෙන් දෝවන්නම්,නුබේ ජීවිතය ආලෝකමත් කරන්නම්,සඳ එළියෙන්,ආලෝකය/ ආදරය,,,,
sanda ona,සද ඕනා,kasun kalhara,කසුන් කල්හාර,2009,Lakmal Weerasiri,ලක්මාල් වීරසිරි,"සඳ ඕනා නුරා තොල්පෙති ඇති සීතල සඳ ඕනා
හිත ඕනා උරා මල් පෙති ඇති රූ හිත මට ඕනා
අර පේනා - ඈතින් පායා
අරුමෝසම් පෑ - නිල් සඳ ඕනා 
ඈතින් පේනා - අහසේ පායා
අරුමෝසම් පෑ ...................
මාෂා සොයා - දාමා නොයා
බලා හිඳී මේ දෙනෙත් විදාලා //

දේදුන්නේ නෑ සායම් ගෑ මායම් නෑ - තාමත් කාගේද නෑ
ඒ මූණේ ගෑ වත්සුණු නෑ තවරා නෑ - කිඳුරන් වාගේම නෑ
නවතාලා - හිත විමසාලා
තරු ඉඟි පාලා - ඈ මට ඕනා
ඈ නවතාලා - තරු ඉඟි පාලා
හිත විමසාලා..................

ඈ වීනා රෑ ඕනෑ නෑ - තාමත් ඈ දුර නෑ
ආකාසේ රෑ තහනම් නෑ අහුරන්නෑ - තාමත් ඈ ළඟ නෑ
කොඳුරාලා - රහසින් කීවා
තව ලන්වීලා - සිපගන් ඕනා 
ඈ කොඳුරාලා - රහසින් කීවා
තව ලන්වීලා............. 

මාෂා - වෙනදා මෙන් රතු තොල් පෙති දැනුනේ නෑ
සැලුනේ නෑ - වෙනදාමෙන් ඔය නෙතඟන සැලුනේ නෑ
අහසේ නෑ - සිතිජ ඉමේ නෑ
නෙත් මානේ නෑ - අයෙත් එන්නෑ
රෑ අහසේ නෑ - සිතිජ ඉමේ නෑ
නෙත් මානේ නෑ..................

මාෂා සොයා සියතුන් පවා ඔහේ ගියා පියාපත් විදාලා//","අර පේනා - ඈතින් පායා
අරුමෝසම් පෑ - නිල් සඳ ඕනා ",ඔයගේ හදවතේ ගැඹුරුම තැන මම වෙනුවෙන් දෙන්න.,නිල් සඳ,හදවත,,,,
tharuka niwa,තාරුකා නිවා,ajith bandara,අජිත් බන්ඩාර,2006,unknown,unknown,"තාරුකා නිවා දුර ඈත තනි වෙලා
කොහේ ගියාද දිව්‍යාංගනා
ජීවිතේ කියා පෙරදාක රැවටිලා
මගේ නොවේද දිව්‍යාංගනා

නික්මී නොයා මහදේ දොර වසා
හදේ රැඳෙන්න දිව්‍යාංගනා
ළං වී ඉඳින්න දිව්‍යාංගනා

සෝක කල්පනා හිතේ තියා
ඉගිලී නොයා සැඟවිලා
නේක වේදනා සුළගේ විසිරිලා
වෙන්වී නොයන්න දිව්‍යාංගනා
වෙන්වී නොයන්න දිව්‍යාංගනා

තාරුකා නිවා දුර..

දෑස රිදවනා කඳුලැල් මකා
හසරැල්ල රන් තනිවෙලා
ප්‍රේම ගීතිකා කොඳුරා කියා
තුරුලේ නිදන්න දිව්‍යාංගනා
තුරුලේ නිදන්න දිව්‍යාංගනා

තාරුකා නිවා දුර..

නික්මී නොයා මහදේ දොර වසා
හදේ රැඳෙන්න දිව්‍යාංගනා
ළං වී ඉඳින්න දිව්‍යාංගනා

තාරුකා නිවා දුර ඈත තනි වෙලා
කොහේ ගියාද දිව්‍යාංගනා
නික්මී නොයා මහදේ දොර වසා
හදේ රැඳෙන්න දිව්‍යාංගනා
ළං වී ඉඳින්න දිව්‍යාංගනා
හදේ රැඳෙන්න දිව්‍යාංගනා",තාරුකා නිවා දුර ඈත තනි වෙලා කොහේ ගියාද දිව්‍යාංගනා,අප අතර සම්බන්දය නවත්වා ඔබ කොහේ ගියාද,තාරුකා,ආදරය,,,,
death ahimi man,දෙඅත් අහිමි මං,chamara weerasinghe,චාමර වීරසිංහ,2014,unknown,unknown,"දෙඅත් අහිමි මං ඔබෙ අත කෙලෙස ලබන්නද
දෙඅත් තිබුණු දා බැඳි පෙම කෙලෙස බිඳින්නද

දෙඅත් අහිමි මං ඔබෙ අත කෙලෙස ලබන්නද
දෙඅත් තිබුණු දා බැඳි පෙම කෙලෙස බිඳින්නද

මංගල මුදු පළඳන්නට අත් නැති හින්දා
අවමන් විඳ දුක් දෙයි මතුවට මං හින්දා
මංගල මුදු මගේ හිතේ පැලදෙන හින්දා
ඔබ තනිකර යන්නෑ මං බැඳි පෙම හංගා

දෙඅත් අහිමි මං ඔබෙ අත කෙලෙස ලබන්නද
දෙඅත් තිබුණු දා බැඳි පෙම කෙලෙස බිඳින්නද

දෙඅත් අහිමි මං ඔබෙ අත කෙලෙස ලබන්නද
දෙඅත් තිබුණු දා බැඳි පෙම කෙලෙස බිඳින්නද

යුධ පිටියේ යුධ වැදුනේ රට දැය හින්දා
දෑත් දෙකම අහිමි උනෙත් යුධ ගිනි හින්දා
ඔබ තනිවී නෑ පෙම්වත අත් නැති හින්දා
දිවිය පුරා මම ඉන්නව ඔබ මගෙ හන්දා","මංගල මුදු මගේ හිතේ පැලදෙන හින්දා
ඔබ තනිකර යන්නෑ මං බැඳි පෙම හංගා",අප දුරස් වූවත් මම ඔබට ආදරේ නිසා නුබව තනි නොකරමි,මංගල මුදු මගේ හිතේ පැලදෙන හින්දා,දුරස් වූවත් ආදරයෙන් සිටිමි,,,,
diwiya pura,දිවිය පුරා,ranidu,රනිදු,2003,chanaka jayasekara,චානක ජයසේකර,"උණුසුම් වු මේ කුරිරු ලොවේ
 ඇයි ද මා මෙසේ තනි කෙරුවෙ
 මා ළය උණු වී හඩා වැටෙන විට
 ඔබ වෙනතක දැන් බලාවිදෝ
 දිවිය පුරා මා ඔබ රකිමි
 මනුදම් ගුණදම් කියාදෙමි
 ඔබ මගෙමයි මා ඔබෙමයි
 සසර පුරා… අප සිටින තුරා
 
 ගලා හැලෙන නිල් නදිය ඔබයි
 දෝරෙ ගලා යන සෙනෙහෙ ඔබයි
 හිමිදිරි උදයේ සුවය ඔබයි
 මගේ දිවියේ හිමි කාරි ඔබයි
 
 ගලා හැලෙන නිල් නදිය ඔබයි
 දෝරෙ ගලා යන සෙනෙහෙ ඔබයි
 හිමිදිරි උදයේ සුවය ඔබයි
 මගේ දිවියේ හිමි කාරි ඔබයි
 
 අදුරු වූ මේ සැහැසු ලොවේ…
 ඔබයි මමයි අලෝකය වේ…
 ආදරයට ලෝකය හඩනා විට
 ඔබයි මමයි වෙනතක යාදෝ…
 ගහ කොළ ඇළ දොළ අපේ තමයි
 පුංචි පැටවු රැළ අපේ තමයි
 මා මෙන් ඔබ මෙන් අපේ ලෝකයත්
 රැකෙන්නේ අප රැකුණොත් පමණයි","ගලා හැලෙන නිල් නදිය ඔබයි
 දෝරෙ ගලා යන සෙනෙහෙ ඔබයි
 හිමිදිරි උදයේ සුවය ඔබයි",සිත සනසාලන සෙනහයක් හා මිහිරියාවක් දෙන ඔබ මාගේ පෙම්වතියයි,"ගලා හැලෙන නිල් නදිය, හිමිදිරි උදයේ සුවය",පෙම්වතිය,,,,
sanda thaniyema,සද තනියම,nirosha virajini,නිරෝශ විරාජිනී,2014,Bandara Ahaliyagoda,බන්ඩාර ඇහැලියගොඩ,"සඳ තනියම
රෑ තුන්යම
ඔබ හා මම
හැම භවයෙම…

මිහිදන්වු ප්රාර්ථනා
යළි අවදිව හිනැහුනේ ද
ඒ පැතුමට නව අරුතක්
ළං කෙරුවේ ඔබ නොවේ ද…

සඳ තනියම
රෑ තුන්යම
ඔබ හා මම
හැම භවයෙම…","මිහිදන්වු ප්රාර්ථනා
යළි අවදිව හිනැහුනේ ද",ඉටු නොවුනු ප්‍රාර්තනා යලි ඉටුවීමට අවස්තාව සැලසීම,මිහිදන්වු ප්රාර්ථනා,ඉටු නොවුනු ප්‍රාර්තනා,,,,
pawela kodu akase,පාවෙලා කෝඩු ආකාසෙ,samitha mudunkotuwa,සමිතා මුඩුන්කොටුව,2015,Rachitha Wakishta,රචිත වාකිශ්ට,"පාවෙලා කෝඩු ආකාසෙ නැවතෙමින්
ජීවිතේ හීනයක් මම දෝ කියන්
හෙමි හෙමින්
නැවතිලා තව හිතුවොතින්
ඇත්තමයි නුඹ මගේ
අහසම තරම්
කවිකාර හීනය ලඟින්
දඟකාරකම් හිත තියන්
මනමාලයි ආදරෙත් නුඹ තරම්
මනමාලයි ආදරෙත් නුඹ තරම්

නිදිවරන හීනයේ
මතකය දිගේ ගිහින්
සෙනෙහසට ගැඹුරක් එක්කරන්
ඔය නමින්
නුඹ දුන්නු ආදරේ
අරුත සොයනා සිතින්
තව නුඹට ලන් වුනා
හුස්ම වැටෙනා දුරින්

නුපුරුදුම ආදරේ
එක හිතට යා කරන්
නවතින්න හදවතේ
හිතුමතේ දුර ගිහින්
ඉකිබින්ද ජීවිතේ
තනිකම මැකී ගිහින්
තව ඉඩක් නෑ හිතේ
නුඹට දුන්නා තරම්","පාවෙලා කෝඩු ආකාසෙ නැවතෙමින්
ජීවිතේ හීනයක් මම දෝ කියන්",හීනයක් යැයි හිතන මේ කෝඩුකාර ආදරය,කෝඩු ආකාසෙ,කෝඩුකාර ආදරය,,,,
Oba Mata Ahimi Wela,ඔබ මට අහිමි වෙලා,Manjula Pushpakumara,මංජුල පුෂ්පකුමාර,2010,Sajith Chathuranga,සජිත් චතුරංග,"හිමි වුනු ඔබ මට අහිමි වෙලා
කොහොමද වාවා ගන්නේ මා
ආදරේ...
පැ ආදරේ...
නිදි නැති රැය ඔබ ගැනම සිතා...
මතකය පාර කදුළු සලා...
ජීවිතේ...
මේ ජීවිතේ...
සිතුවෙ නෑ පැහැසර සිනා
කුරිරු වී හැර යයී කියා...
ඔ. ඔ...
සිහින නේලා...
පැලදුව දා...
මල් මාල හිත් මානයේ...
සිහි වේනවා උමතු සිනා...
නිල් පාට නේත් මායීමේ
සිහින නේලා පැලදුව දා
මල් මාල හිත් මානයේ.
සිහි වේනවා උමතු සිනා
නිල් පාට නේත් මායීමේ
ලන් උනේ...
වෙන් වේන්න න නම්
පේම් කලේ...
තුරැලේ ඉදන්
ඇයි ඔයා මට මේ තරම්...
මෙ කසාදේ කේරැනොත්
ජිවිතයට මොනවා වේයීද කීයන්න බැහැ
පේම බිද දා...
හැර හිය දා...
දුක දැනුනේ නැති දො මගේ...
කදුළු හොරා වැටෙන තුරා
පිටු පෑවේ ඇයි ජිවිතේ...
පේම බිද දා...
හැර ගිය දා...
දුක දැනුනේනැති දො මගේ
කදුළු හොරා වැටෙන තුරා
පිටු පෑවේ ඇයි ජිවිතේ...
ලන් උනේ වේන් වේන්න නම්...
පේමි කලේ තුරැලේ ඉදන්
ඇයි ඔයා මට මේ තරම්...
හිමි වුනු ඔබ මට අහිමි වෙලා
කොහොමද වාවා ගන්නේ මා
ආදරේ...
පැ ආදරේ... නිදි නැති රැය ඔබ ගැනම සිතා...
මතකය පාර කදුළු සලා...
ජීවිතේ...
මේ ජීවිතේ...
සිතුවෙ නෑ පැහැසර සිනා
කුරිරු වී හැර යයී කියා...
ඔ. ඔ..","සිතුවෙ නෑ පැහැසර සිනා
කුරිරු වී හැර යයී කියා...",ඇයගේ ආදාරය නැති වේවි යැයි කිසි දිනක සිතුවේ නැත,පැහැසර සිනා,ආදරය,,,,
neth perum pura,නෙත් පෙරුම් පුරා,daddy,ඩැඩී,2007,daddy,ඩැඩී,"නිල් දෑසේ කැන් සලා
 යෞවනේ මත් කලා
 රන් දොතොල් රඟ දෙනා
 හද සයුර කැළඹුනා
 සඳ වගෙයි නැග එනා කුමරියන්
 හිනැහෙනා ම් …. හිනැහෙනා
 
 විකසිතයි සිනහවයි
 සුර අගුන් පරාදයි
 ඔබ තරම් රුව අරන්
 කොයිආද මේ ළදුන්
 තරු දහස් අතරේ
 බැබලෙන සඳ ඔබ වේ
 රන් කිරුළ අතරේ
 රූ රැජින අද ඔයා ඕ …. අද ඔයා
 
 නිල් දෑසේ කැන් සලා
 යෞවනේ මත් කලා
 රන් දොතොල් රඟ දෙනා
 හද සයුර කැළඹුනා
 සඳ වගෙයි නැග එනා කුමරියන්
 හිනැහෙනා ම් …. හිනැහෙනා
 
 විකසිතයි සිනහවයි
 සුර අගුන් පරාදයි
 ඔබ තරම් රුව අරන්
 කොයිආද මේ ළදුන්
 තරු දහස් අතරේ
 බැබලෙන සඳ ඔබ වේ
 රන් කිරුළ අතරේ
 රූ රැජින අද ඔයා ඕ …. අද ඔයා","හදේ කොනක නොරැදුනත් ඔයා
 නොදැක ඉන්න බැරි උනා",ඇය ගැන බොහෝ සේ සිතන්නෙ නැතත් නොදැක ඉන්න අපහසු බව කියයි,හදේ කොනක නොරැදුනත්,ඇය ගැන සිතන්නෙ නැතත්,නෙත පෙරුම් පුරා එදා ඔබ දකින්න සැරසුනා,ඇසෙ දෙක ඔබ දකින තෙක් මග බලාගෙන හිටියා,පෙරුම් පුරා,බලාගෙන සිටියා
nil thana palase,නිල තණ පලසේ,kasun kalhara,කසුන් කල්හාර,2011,unknown,නොදනී,"නිල් තණ පලසේ
 ලොවක ජයකී මැද්දේ
 උරෙනුර ගැටෙනා ජවයයි
 ආත්මාභිමානයයි
 
 ඇවිලෙන දෙනෙත් වෛරයේ
 නොසැලෙන ශක්තියේ
 බාධක බැමි කඩා බිඳ දමා
 තරණය කරනා මොහොතයි
 
 විශ්වයම ජයගන්නා
 සහෝදරත්වයේ
 සංග්රාමයයි","නිල් තණ පලසේ
 ලොවක ජයකී මැද්දේ",ලොවම ජයඝෝෂා කරන සාරවත් තෘණ පිට්ටනිය මත,නිල් තණ පලස,සාරවත් තණ පිටිය,,,,
rawatunu tharam,රැවටුන තරම්,ruwan hettiarachchi,රුවන් හෙට්ටිආරච්චි,2013,Sajith V Chathuranga,සජිත් වී චතුරංග,"රැවටුන තරම් ඔබ හින්ද මං
කවුරුත්ම දන්නෙ නෑ තවත්
කඳුළක තරම් දැණුනා හොඳින්
සමුගත්ත දා ඔයා මගෙන්

වැරදි කරලා ඔයා හැමදා
මට වැරදිකාරයා කියා
වෙන් වී ගියත් රිදවා එදා
අමනාප නෑ වුණේ කිසිදා

හැමදාම ඔබ මාගෙ පවසා
කඳුලේම උන් කාලෙ පෙරදා
දැණුනේම නෑ ඔහුගෙ කියලා
හිතුවේම ඔබෙ වෙන්න මතු දා
පිළිගන්න අදිමදි කලා
මගේ පණ ඈත යනු දැකලා

වැරදි කරලා ඔයා හැමදා
මට වැරදිකාරයා කියා
වෙන් වී ගියත් රිදවා එදා
අමනාප නෑ වුණේ කිසිදා

හිත කීරි ගැහිලාම රිදුණා
ඔබ දන්නෙ නෑ නේද මේවා
මට යන්න බෑ මතක හැරදා
ඔය වාගෙ දුර ඈත පියඹා
හිනැහෙන්න අමතක වුණා
මතක් වෙන වාරයක් පාසා

වැරදි කරලා….
රැවටුන තරම් ඔබ හින්ද මං
වැරදි කරලා…..",මගේ පණ ඈත යනු දැකලා,මගේ ආදරේ අහිමි වෙන බව දැක,මගේ පණ,මගේ ආදරේ,,,,
harde kiniththuwe,හෘද කිනිත්තුවේ,ranidu ft nelu adikari,රනිදු ft නෙලූ අදිකාරී,2006,Wasantha DukgannaRala,වසන්ත දුක්ගන්නාරාල,"හෘද කිනිත්තුවේ හාදුවෙන්
පුලුලුකුලේ මා සතපමින්
මුවට මුව තබා කොදුරමින්
මල් රොන් පුරමුද
දෙතොල් අගින්

හෘද කිනිත්තුවේ හාදුවෙන්
පුලුලුකුලේ මා සතපමින්
මුවට මුව තබා කොදුරමින්
මල් රොන් පුරමුද
දෙතොල් අගින්

හීයක් අරන් ඔබ
මල්සර දුන්නක
කුල්මත් කලා සිත
උන්මාදයෙන්
ගින්නක් අරන් ඔබ
හීයක් අරන් එන
හීනෙන් ගමන් යන
මල්මද බිසවද මං

හෘද කිනිත්තුවේ හාදුවෙන්
පුලුලුකුලේ මා සතපමින්
මුවට මුව තබා කොදුරමින්
මල් රොන් පුරමුද
දෙතොල් අගින්

හෘද කිනිත්තුවේ හාදුවෙන්
පුලුලුකුලේ මා සතපමින්
මුවට මුව තබා කොදුරමින්
මල් රොන් පුරමුද
දෙතොල් අගින්

hey girl
you know
I like you like that
when you move slow
when you
thought you never spot
made it to you
give everything you like
just like I told that I would
I play by the rules
yet here we
you can’t stop me right
Ain’t gonna lie
will lock with diamond rings
giving a hug and rub

හෘද කිනිත්තුවේ හාදුවෙන්
පුලුලුකුලේ මා සතපමින්
මුවට මුව තබා කොදුරමින්
මල් රොන් පුරමුද
දෙතොල් අගින්

හෘද කිනිත්තුවේ හාදුවෙන්
පුලුලුකුලේ මා සතපමින්
මුවට මුව තබා කොදුරමින්
මල් රොන් පුරමුද
දෙතොල් අගින්","මුවට මුව තබා කොදුරමින්
මල් රොන් පුරමුද
දෙතොල් අගින්",ආදරය කරමුද ලංවෙලා,මල් රොන්,ආදරය,,,,
nawathi methekin,නවතී මෙතැකින්,kasun kalhara,කසුන් කල්හාර,2009,Achala Solomons,අචලා සොලමන්ස්,"නැගෙන බිදෙන හැම සමුදුරු රැලි මත
නුඹෙ මුවග හිනැහෙනු මා දුටුවා
නොදැනිම වාගේ දේදුනු බොඳ කර
කඳුලක් නෙත තනියට නැඟුනා..

මතකද හැම රෑ මා ඔබ දුටුවා
පැතු පැතුම් කිරි සිනහාව රන්
දින ගෙවනා හැටි අප දැන හිටියා
අද නුඹ කොහිදැයි සිත ඇසුවත්

ඉරණම ලියැවී අප වෙන් කරදා
දෙගුරුන් හමුවේ සිත නිහඩයි
නුඹ මියැදෙන බව දැන දැන සිතකින්
නෙලාගන්න සොදුරේ කෙලෙසින්

මා තුරුලට ගෙන සුරතල් කරනට
අහිමිවු අත් මට හිමිවුවානම්
අන් සතු උයනක නුඹ හිනැහෙන යුරු
දැක දුටුවෙමි නැවතී මෙතෙකින්","නැගෙන බිදෙන හැම සමුදුරු රැලි මත
නුඹෙ මුවග හිනැහෙනු මා දුටුවා",සියලු සාර්තකත්වයේදී හා අසාර්තකත්වයේදී ඔබ උපේක්ශාසහගතව විදදරාගත්තා,නැගෙන බිදෙන හැම සමුදුරු රැලි මත,සාර්තකත්වයේදී හා අසාර්තකත්වයේදී,,,,
math mal sena,මත් මල් සේනා,kasun kalhara,කසුන් කල්හාර,2011,Achala Solomons,අචලා සොලමන්ස්,"මත් මල් සේනා පාවේ පාවේ
දෑසේ දෑවටේ මා
සිත්තම් වීලා මා නෙත් මානේ
සෙනෙහේ සුව සේමා
ලා ඉරේ රන් ගෑවිලා
සදා ස්නේහයේ
මල් වැහි වෑහුනා

පිපි හාදු සුලගේ මුව ගාව ගැවසේ

දෙතොලේ ළැගුම් සොය සොයා
සද රේණු යායේ මුදු සීත පෙලුනේ
ලං වෙන්නමයි නෙත් පියා
උදා වේ මා
සැබෑ වේ මුදා
නෙක ස්වර්ණ රැස් රගනා වැහිතිරේ

ඔබ ගාව සීතේ හිත හීන නෙලුවේ
රෑ තුන් යමේ හිත් පුරා

නොදොඩාම දෑසේ කවි ගීත මැවුනේ

දෙතොලේ සුසුම් උතුරලා
උදා වේ මා
සැබෑ වේ මුදා
නෙක ස්වර්ණ රැස් රගනා වැහිතිරේ","සද රේණු යායේ මුදු සීත පෙලුනේ
ලං වෙන්නමයි නෙත් පියා",මේ සද එලියේ සීතල සුලං වැදෙනවිට ඔබට ලං වෙන්නමයි සිතෙන්නේ.,සද රේණු යායේ,සද කිරණ,,,,
mathaka mandira,මතක මන්දිර,samitha mudunkotuwa x malith perera,සමිතා මුදුන්කොටුව ft මලිත් පෙරේරා,2007,Sidney Chandrasekara,සිඩ්නි චන්ද්‍රසේකර,"මතක මන්දිර තනා කීව ඒ රස කතා
පංතියේ පෙම නිසා තාම මං තනි වෙලා
දෙතොල් සිප කියු කතා ආදරෙන් මා බදා
වෙනස් වී නෑ ඔයා මමයි ඔබේ චංචලා

ඔයා තාම මාගෙ සිහිනේ පෙම් කුමාරියයි
හීනෙන් හැඩුව තාලෙ දන්නේ මගේ හිත තමයි
ඔයා තාම මාගෙ සිහිනේ පෙම් කුමාරියයි
හීනෙන් හැඩුව තාලෙ දන්නේ මගේ හිත තමයි

මතක මන්දිර තනා කීව ඒ රස කතා
පංතියේ පෙම නිසා තාම මං තනි වෙලා
දෙතොල් සිප කියු කතා ආදරෙන් මා බදා
වෙනස් වී නෑ ඔයා මමයි ඔබේ චංචලා

මගේ මතක මාලිගාවේ රැජින චංචලා
සිඹින්නට හිතයි පෙර සේ සුවඳ රස බලාලා
මගේ මතක මාලිගාවේ රැජින චංචලා
සිඹින්නට හිතයි පෙර සේ සුවඳ රස බලාලා

මතක මන්දිර තනා කීව ඒ රස කතා
පංතියේ පෙම නිසා තාම මං තනි වෙලා
දෙතොල් සිප කියු කතා ආදරෙන් මා බදා
වෙනස් වී නෑ ඔයා මමයි ඔබේ චංචලා",මතක මන්දිර තනා කීව ඒ රස කතා,මතක සටහන් තබමීන් ඔයා කියපු ඒ ආදරනීය කතා,මතක මන්දිර,මතක සටහන්,ඔයා තාම මාගෙ සිහිනේ පෙම් කුමාරියයි,ඔයා තාමත් මගේ ජීවිතයේ ආදරවන්තියයි.,පෙම් කුමාරිය,ආදරවන්තිය
oya susum pawan,ඔය සුසුම් පවන්,chamara weerasinghe,චාමර වීරසිංහ,2011,Upali Bandara Weerasekera,උපාලි බණ්ඩාර වීරසේකර,"ඔය සුසුම් පවන් වැදී
නෙතු පියන් සැලේ රිදී
ඔය සුසුම් පවන් වැදී
නෙතු පියන් සැලේ රිදී
ඔබ ගොළුයි සිතත් නිදී
ඔබව තාම මටද හිමී
ඔබ ගොළුයි සිතත් නිදී
ඔබව තාම මටද හිමී

මිරිඟුවක් සොයා ගිහින්
හිත ගිලන් උනා තමයි
මිරිඟුවක් සොයා ගිහින්
හිත ගිලන් උනා තමයි

හිමි නැතත් ඔයා ඉතින්
මම තවත් ඔබේ ළඟයි
හිමි නැතත් ඔයා ඉතින්
මම තවත් ඔබේ ළඟයි

ඔය හිතින් පිදූ පෙමින්
ඇත දහස් ගණන් පැතුම්
ඔය හිතින් පිදූ පෙමින්
ඇත දහස් ගණන් පැතුම්
ඔබ ගියත් මගේ ළඟින්
මගෙ හිතත් යන්න අරන්
ඔබ ගියත් මගේ ළඟින්
මගෙ හිතත් යන්න අරන්","මිරිඟුවක් සොයා ගිහින්
හිත ගිලන් උනා තමයි",කවදාවත් හිමිනොවන දෙයක් පසුපසු ගොස් හිත විඩාවට පත් වීම,මිරිඟුවක්,සැබෑවට නොපවතින දෙයක්,,,,
yanna yanna,යන්න යන්න,daddy,ඩැඩී,2010,daddy,ඩැඩී,"යන්න යන්න යන්න
 කෙළි බිම ඔබෙයි
 ගන්න ගන්න ගන්න
 එහි ජය ඔබෙයි
 මේ ඔබේ වාරයයි
 පන්දුවෙන් ලොවම දිනනා
 පිති හරඹයෙන් පිටිය සරසනා
 සූරයෙක් වෙන්නයි
 
 එකට බැඳෙමින්
 එකා වගේ එකා වගේ
 එකා වගේ
 එකම අරමුණක්
 සිතේ නැගේ සිතේ නැගේ
 සිතේ නැගේ
 
 පිත්ත පන්දුවත් අත දරා
 ජය පරාජයත් ඉවසනා
 ඔබ පළඳවයි කිරුළු
 ලක් මව් දිනවලා
 
 යන්න යන්න යන්න
 කෙළි බිම ඔබෙයි
 ගන්න ගන්න ගන්න
 එහි ජය ඔබෙයි
 මේ ඔබේ වාරයයි
 පන්දුවෙන් ලොවම දිනනා
 පිති හරඹයෙන් පිටිය සරසනා
 සූරයෙක් වෙන්නයි
 
 දෙපිල බෙදුණත්
 වෙනස් නොවේ වෙනස් නොවේ
 වෙනස් නොවේ
 එකම මවකගේ
 දරුවො ලෙසේ දරුවො ලෙසේ
 දරුවො ලෙසේ
 
 විනයගරුක බව සුරකිනා
 අභියෝගය අත් නොහරිනා
 ඔබ පළඳවයි කිරුළු
 ලක් මව් දිනවලා
 දිනවලා
 
 යන්න යන්න යන්න
 කෙළි බිම ඔබෙයි
 ගන්න ගන්න ගන්න
 එහි ජය ඔබෙයි
 මේ ඔබේ වාරයයි
 පන්දුවෙන් ලොවම දිනනා
 පිති හරඹයෙන් පිටිය සරසනා
 සූරයෙක් වෙන්නයි
 
 සූරයෙක් වෙන්නයි
 සූරයෙක් වෙන්නයි",කෙළි බිම ඔබෙයි,ක්‍රිකට් ක්‍රීඩාංගනයේ සියලු ප්‍රේක්ෂකයන්ගේ සහය ඇති බව කියවෙයි,කෙළි බිම,ක්‍රිකට් ක්‍රීඩාංගනය,පිති හරඹයෙන් පිටිය සරසනා,ක්‍රීඩා පිටිය තුල පිති හරබයෙන් දස්කම් පෙන්වන බව කියවෙයි,පිටිය සරසනා,දස්කම් පෙන්වීම
manusatha,මනුසතා,iraj ft layzie bone peshala manoj kaizer kaiz,ඉරාජ් ft ලෙයිසි බෝන් පේෂල මනෝජ් කයිසර් කයිස්,2016,"Iraj , Layzie bone & Kaizer","ඉරාජ්, ලෙයිසි බෝන්, කයිසර් කයිස් ","දෙව් බඹුන්ද දෝත නගාලා
වඳින උතුම් මනු සතායා
දහම රකින අයද බෙදීලා
නසනු ඇයිද දහමෙ කරුණා
රකිමු මිනිස්කම් එක් වීලා
දහම අනුව දිවිය ගෙවාලා

ප්‍රථමයෙන් සමවෙන්න
කල පව් වලට පිනක් හොයන්
ලියනව නෙමෙයි මේක
තිබ්බ කොටියට තිතක් කොමාවක්
දාල පටන් ගත්තෙ ඇයි තව විසක්
තරුණයෙක් මම තරුණයෙක් උඹ
අපි පරපුරක් හැදුනෙ යුද්ද ගිනි උඩ
නිවපු ගින්නේ අලු නැති වෙන්න පෙර
මට කියන්න ඇයි ගිනි තියන්නෙ මගෙ රට
බෞද්ධයෙක් මුස්ලිම් කරගද්දී
මුස්ලිම් කඩයක් ගිනි බත් වෙද්දී
දෙමළ තරුණයට කොටියා කියද්දී
කෙලෙසුනෙ මගෙ රට තොපි මරා ගද්දී
නිල් පාටයි නිදහස් අහස
කලු වෙලා දුම් වලින් විදෙස් බලවේග
ලස්සනයි පන්සලෙ බණ පෝය දාට
අම්ම කුණුහරප කියනවද තියද්දි පහන
මැද පෙරදිග අමුතුම නීතියක්
කස පාර හිමි වැන්දට බුදු පිලිමයක්
පොඩි පන්සල ගාව ලොකු පල්ලියක්
සමාවෙයන් උනා නම් අපෙන් වෙනස්කමක්

දෙව් බඹුන්ද දෝත නගාලා
වඳින උතුම් මනු සතායා
දහම රකින අයද බෙදීලා
නසනු ඇයිද දහමෙ කරුණා
රකිමු මිනිස්කම් එක් වීලා
දහම අනුව දිවිය ගෙවාලා

දෙව් බඹුන්ද දෝත නගාලා
වඳින උතුම් මනු සතායා
දහම රකින අයද බෙදීලා
නසනු ඇයිද දහමෙ කරුණා
රකිමු මිනිස්කම් එක් වීලා
දහම අනුව දිවිය ගෙවාලා

දර්ගා නගරය සිදුවුන තැන මගෙ උපත
පල්ලියත් හුරුයි වගේම පිරිත
කවුද තිබ්බෙ හරක් කොල්ලො පන්සලෙන් පිටට
පල්ලිය පාරෙ මග ‍රැකවල් දිගට
කවුද හරි කවුද වැරදි ඒක මට ප්‍රශ්නයක්
යාලුවොත් වටිනව ඒවගේම ධර්මයත්
ටික ටික අඩුවුනා ගෙදර තිබ්බ සහනයත්
උපාධියත් බල්ලොන්ට දාන්න වෙන තත්වයක්
‍රැකියාවක් හොයන්න බෑ ලොකු අත්තක් නොමැතිව
ඒකයි මං ගිහින් මුන ගැහුනෙ ගමේ ඇමතිව
පල්ලියට එන්නලු පන්සලෙන් සමුගෙන
බඩ ගින්න රජ උනා එරෙහිව ධර්මෙට
පන්සලට ගිහින් මම පූජ කළා මලක්
ඒ අතිම්ම වැදුන මගෙන් පෙරහැරට ගලක්
පරක්කුයි තේරෙද්දි කලේ මම පවක්
පොඩි දෙයක් වෙනුවෙන් ගිනි තිබ්බ ගමක්
අනිත්‍ය ලෝකේ මරණය නියතයි
තැන තන මරාගන්න හැටි මට තිත්තයි
මතක මගේ අතින් කොකා ගැස්සුනා විතරයි
යාලුව බිම වැටිලා වූ දැන් නිසලයි",නිවපු ගින්නේ අලු නැති වෙන්න පෙර,යුද්ධයේ අදුරු මතකයන් නැති වීමටත් පෙර,ගින්න,යුද්ධය,,,,
adarema geethayak,ආදරේම ගීතයක් වාගේ,kasun kalhara,කසුන් කල්හාර,2013,isuru weerasinghe,ඉසුරු වීරසිංහ,"නුඹ ළඟ මගෙ හිත රැඳුනාට
 දින දින දින දැන් ගෙවුනාට
 පණ නල වගේ ඔබ ළඟ මගේ
 මගෙ හිත මගෙ හිත රැඳුනාට
 
 ආදරේම ගීතයක් ආත්මයේ සංගීතයක්
 ආදරේම ගීතයක් වාගේ…
 
 ආදරේම ගීතයක් ආත්මයේ සංගීතයක්
 ආදරේම ගීතයක් වාගේ…
 
 පෙර වාගේ හවසට හැකි වුනොත් දවසක
 හමුවෙලා ලං වෙලා ලං වෙලා
 ඉන්නට දවසෙම ලංවීලා
 ඔබ ළඟ ඔබ ළඟ දැවටීලා
 ආදරේම ගීතයක් ආත්මයේ සංගීතයක්
 ආදරේම ගීතයක් වාගේ
 
 නුඹ නොමැතී දවසක හෙට ඇවිත් කුමකට
 වැලපිලා වැලපිලා වෙන්වෙලා
 බොරුවට කුමටද දුක්වීලා
 නූපන් හෙට දින ගැන හිතලා
 
 ආදරේම ගීතයක් ආත්මයේ සංගීතයක්
 ආදරේම ගීතයක් වාගේ…
 ආදරේම ගීතයක් ආත්මයේ සංගීතයක්
 ආදරේම ගීතයක් වාගේ…
 ආදරේම ගීතයක් ආත්මයේ සංගීතයක්
 ආදරේම ගීතයක් වාගේ…
 ආදරේම ගීතයක් ආත්මයේ සංගීතයක්
 ආදරේම ගීතයක් වාගේ…
 සිංදුව මෙතනින් බාගත",ආදරේම ගීතයක් ආත්මයේ සංගීතයක්,"ආදරය සුන්දර, ජීවිතයම ලස්සන කරන දෙයකි",ගීතය,ආදරය,,,,
thissa wawe iwura langata,තිස්ස වැවේ ඉවුර ලගට,chamara weerasinghe,චාමර වීරසිංහ,2013,Unknown,Unknown,"තිස්ස වැවේ ඉවුර ළඟට සිදාදියෙන් සඳක් ඇවිත්
උකුළු මුකුළු හිනා හඬින් වැව් දියවර පිනා ගිහින්
කවදාවත් නෙත නොගැටුණු සිදාදියේ අරුම සඳක්
මටත් හිතක් පහල වුනා අමතක වී දුප්පත්කම්

හිස තැවරූ අමුතු පුසුඹ හිත කුල්මත් වෙලා ගියා
ගත තැවරූ සබන් බුබුළු මට වැඩියෙන් පින් කරලා
හිස තැවරූ අමුතු පුසුඹ හිත කුල්මත් වෙලා ගියා
ගත තැවරූ සබන් බුබුළු මට වැඩියෙන් පින් කරලා
කොරළි පැටව් රංචු පිටින් වීසි දැලෙන් පැනලා ගියා
ඈ දෙස මා නෙත් යොමාන ඔරු කඳ ඈතටම ගියා

දියකැට පහනට ඉහලින් පෙම් දියවර උස්ව ගියා
මගෙ රුව ඈ නෙත ගැටුනත් සමච්ච්ලෙන් හිනා වුනා
දියකැට පහනට ඉහලින් පෙම් දියවර උස්ව ගියා
මගෙ රුව ඈ නෙත ගැටුනත් සමච්ච්ලෙන් හිනා වුනා
ඉරුණු සරමෙ හිල් වැහෙන්න දෙපොට දමා ඇඳ ගත්තා
හිතේ වැවුනු සොඳුරු හැඟුම් සොරොව් කටින් එපිට ගියා

තිස්ස වැවේ ඉවුර ළඟට සිදාදියෙන් සඳක් ඇවිත්
උකුළු මුකුළු හිනා හඬින් වැව් දියවර පිනා ගිහින්
කවදාවත් නෙත නොගැටුණු සිදාදියේ අරුම සඳක්
මටත් හිතක් පහල වුනා අමතක වී දුප්පත්කම්",කවදාවත් නෙත නොගැටුණු සිදාදියේ අරුම සඳක්,කලින් නොදුටූ නගරයේ ලස්සන කාන්තාවක්,සඳ,කාන්තාව,,,,
dewenida mage adare,දෙවනිද මගේ ආදරේ,daddy,ඩැඩී,2010,daddy,ඩැඩී,"දෙවෙනිද මගේ ආදරේ ඔබට
 නැතුවද දැන් ඔබෙ පෙම මෙමට,
 වෙනසක් මට දැනෙනවා
 ඔබ මා මඟ හරිනවා
 එකෙකුට නැති ආදරේ මොකට...
 ඔබ වෙනුවෙන් මා සිටියා මෙතුවක්
 මා වෙනුවෙන් ඔබ ඇතිදෝ සැකයක්...
 දෙවෙනිද මගේ ආදරේ ඔබට
 නැතුවද දැන් ඔබෙ පෙම මෙමට,
 වෙනසක් මට දැනෙනවා
 ඔබ මා මඟ හරිනවා
 එකෙකුට නැති ආදරේ මොකට...
 නොකරමි මම ඔබේ නමට අවමන්
 සුභ වේ ඔබෙ දිවි කරනෙමි නික්මන්...
 දෙවෙනිද මගේ ආදරේ ඔබට
 නැතුවද දැන් ඔබෙ පෙම මෙමට,
 වෙනසක් මට දැනෙනවා
 ඔබ මා මඟ හරිනවා
 එකෙකුට නැති ආදරේ මොකට...",දෙවෙනිද මගේ ආදරේ ඔබට,මාගේ ආදරේ පෙර තරම් වැදගත් නැති බව අගවයි,දෙවෙනිද,වැදගත් නැති බව,,,,
adare sithum,අදරේ සිතුම්,kasun kalhara,කසුන් කල්හාර,2009,unknown,unknown,"ආදරේ සිතුම් දිලුනා මතකයි
පැහැසරින් ඔබේ හද දැවුනා
ගීයකින් කෙසේ
මා සිතුම් කියම්දෝ ලදේ
බොඳ වෙනා සිහිනයක දැවටෙනා
පවස මගේ ඔබ නිසා
නොනිමේ ලදුනේ…
ආදර වදන් කියූ
කාලේ යලි එන්නේ නෑ
ආදරේ සුවඳ දැන්
මගේ හදින් යන්නේ

ආදරේ සිතුම් දිලුනා මතකයි
පැහැසරින් ඔබේ හද දැවුනා
ගීයකින් කෙසේ
මා සිතුම් කියම්දෝ ලදේ
බොඳ වෙනා සිහිනයක දැවටෙනා
පවස මගේ ඔබ නිසා
නොනිමේ ලදුනේ…
ආදර වදන් කියූ
කාලේ යලි එන්නේ නෑ
ආදරේ සුවඳ දැන්
මගේ හදින් යන්නේ

මා හදින් දැලුවු
හැම පහන් සිල ඔබමයි
දැවි දැවි එලිය දෙන් ජීවිතේ
ගීයකින් කෙසේ මා සිතුම්
කියම්දෝ ලදේ.
බොඳ වෙනා සිහිනයක දැවටෙනා
පවස මගේ ඔබ නිසා
නොනිමේ ලදුනේ…
ආදර වදන් කියූ
කාලේ යලි එන්නේ නෑ
ආදරේ සුවඳ දැන්
මගේ හදින් යන්නෙ නෑ

පවස මගේ ඔබ නිසා
නොනිමේ ලදුනේ…
ආදර වදන් කියූ
කාලේ යලි එන්නේ නෑ
ආදරේ සුවඳ දැන්
මගේ හදින් යන්නෙ නෑ

පවස මගේ ඔබ නිසා
නොනිමේ ලදුනේ…
ආදර වදන් කියූ
කාලේ යලි එන්නේ නෑ
ආදරේ සුවඳ දැන්
මගේ හදින් යන්නෙ නෑ","මා හදින් දැලුවු
හැම පහන් සිල ඔබමයි
දැවි දැවි එලිය දෙන් ජීවිතේ",මගේ හිතින් ආදරය කලේ ඔබට විතරමයි.,පහන් සිල,ආදර සිතුවිල්ල,,,,
sanda renu,සද රේණු,prasanga thisera ft shashika nisansala,ප්‍රසංග තිසේරා ft ශෂිකා නිසන්සලා,2013,Sampath Fernandopulle,සම්පත් ප්‍රනාන්දුපුල්ලේ,"සද රේණු ඇති රෑක ඔය දෑස සිපගන්න
ආවා මං ආවා
මගේ ලෝකේ ඔබ නේද ඔබ මාගේ පණ නේද
කීවා ඔබ කිවා

සුසුමක්ව ලග ඉන්න නෙතු ගාව ඉපිලෙන්න
හැමදාම මගේ ලෝකයේ
හුරතල්වී මා ලගම තුරුලේම පවසන්න
මං ඔබට හරි ආදරෙයි
සද රේණු ඇති රෑක ඔය දෑස සිපගන්න
ආවා මං ආවා
මගේ ලෝකේ ඔබ නේද ඔබ මාගේ පණ නේද
කීවා ඔබ කිවා

කවි සිංදු මුමුනන්න දුක් ගින්න මට දෙන්න
සැනසෙනන්න මිහිරාවියේ
ඔය උකුලේ මියැදෙන්න කවදාක හැකි වේද
මා පැතුම එයමයි ප්‍රියේ
සද රේණු ඇති රෑක ඔය දෑස සිපගන්න
ආවා ඔබ ආවා
මගේ ලෝකේ ඔබ නේද ඔබ මාගේ පණ නේද
කීවා ඔබ කිවා",සද රේණු ඇති රෑක ඔය දෑස සිපගන්න,සද එලිය ඇති රැයක ඔයාව දැකගන්න,සද රේණු,සද එලිය,,,,
